strategy,params,total_return,cagr,max_drawdown,sharpe,sortino,calmar,number_of_trades,win_rate,average_trade_return,profit_factor
ema_cross,"{'fast_window': 15, 'slow_window': 60}",1.2595297681733575,0.17783837409491277,-0.3171753633873281,0.8315117496817694,0.9966949657592451,0.5606941604658624,10.0,0.6,0.0971566017797791,4.4461278772572985
ema_cross,"{'fast_window': 15, 'slow_window': 50}",1.2569510776788801,0.1775683380022961,-0.32406394959738727,0.8311571630097971,0.9901823211466729,0.5479422756616545,12.0,0.5,0.08323909332299595,4.239025881806439
ema_cross,"{'fast_window': 5, 'slow_window': 60}",1.1861933271317224,0.1700606691441109,-0.3385133649288471,0.8075678367808622,0.9717033548755071,0.5023750515134205,23.0,0.30434782608695654,0.04054272985916846,2.9899824422784107
ema_cross,"{'fast_window': 10, 'slow_window': 60}",1.1622650305104019,0.16747783651904768,-0.320876194045988,0.7924451978331457,0.9472366015291898,0.5219391142960413,17.0,0.35294117647058826,0.052930161707565655,3.3413900311066667
supertrend,"{'atr_window': 10, 'multiplier': 2.0}",1.133609184773071,0.16435447692897598,-0.34397651791084105,0.7878287367929225,0.8962894942194611,0.47780725826050946,31.0,0.4838709677419355,0.030978988493088756,2.245822292396263
ema_cross,"{'fast_window': 20, 'slow_window': 50}",1.1325256101013128,0.16423571584321972,-0.31344373786249835,0.7793994951059374,0.9360236239376781,0.5239719158634674,10.0,0.5,0.09304139969532668,3.982103218874675
ema_cross,"{'fast_window': 10, 'slow_window': 50}",1.0913383322356558,0.15968536827310253,-0.34116135998044905,0.7672903708386134,0.9057125038861741,0.4680640512227224,15.0,0.4,0.058517599543516756,3.0590981682044456
pullback_continuation,"{'pullback_ema_window': 10, 'trend_window': 50, 'long_window': 150, 'atr_stop_multiplier': 2.0}",0.9916966384713657,0.1483732377404381,-0.1595776980891307,0.8840008254389712,0.8229254834442349,0.9297868030253548,18.0,0.4444444444444444,0.05104416736749132,4.331725359584882
ema_cross,"{'fast_window': 20, 'slow_window': 60}",0.9819803959304243,0.14724613551388765,-0.3149282299427296,0.7134959906214846,0.8559429865474406,0.4675545775641157,10.0,0.5,0.0840445089872811,3.849285027258141
pullback_continuation,"{'pullback_ema_window': 10, 'trend_window': 50, 'long_window': 150, 'atr_stop_multiplier': 2.5}",0.9296288796199139,0.14109611620802065,-0.16617907896305695,0.8415037818818559,0.7679619507186941,0.8490606464330419,18.0,0.4444444444444444,0.049372618138464455,3.9056065257563546
ema_cross,"{'fast_window': 20, 'slow_window': 30}",0.9118465232320754,0.13897678039340455,-0.4013501459689969,0.6848877669596724,0.8201680617063397,0.34627315273018516,13.0,0.38461538461538464,0.06394031782280195,2.9038606292495728
pullback_continuation,"{'pullback_ema_window': 10, 'trend_window': 50, 'long_window': 150, 'atr_stop_multiplier': 3.0}",0.8688419871245787,0.13378552758095608,-0.1727804598369832,0.7981938991332836,0.7106027048641718,0.7743093617598975,18.0,0.4444444444444444,0.04770106890943759,3.5558152273249504
supertrend,"{'atr_window': 14, 'multiplier': 3.5}",0.8667444386810408,0.1335298915821168,-0.3988312256125066,0.6700462523504581,0.7587623459194482,0.3348030018889513,15.0,0.4666666666666667,0.06164027461456934,2.7405290241947946
ema_cross,"{'fast_window': 10, 'slow_window': 20}",0.8664551119274553,0.13349461224475867,-0.4863401019323528,0.6507091699264519,0.729891345075126,0.27448818576619666,27.0,0.37037037037037035,0.03567737460210093,2.223093063632213
supertrend,"{'atr_window': 10, 'multiplier': 2.5}",0.8501114682558535,0.13149460021772263,-0.3258530432877157,0.6536581009810231,0.7168267512810851,0.4035395799621793,23.0,0.4782608695652174,0.03364380025599845,2.291340921113369
supertrend,"{'atr_window': 7, 'multiplier': 2.5}",0.8471020244066798,0.13112478896085267,-0.3579597580495263,0.6552021423512411,0.705722121628572,0.3663115364568735,22.0,0.5,0.035203661641084086,2.278912729325488
ema_cross,"{'fast_window': 5, 'slow_window': 20}",0.8059411841565685,0.1260178240191956,-0.4530352107048353,0.6247554265781937,0.7074440565222707,0.2781634209472067,32.0,0.40625,0.023442858333658417,1.9613685218856671
ema_cross,"{'fast_window': 5, 'slow_window': 50}",0.8029217868041241,0.12563954775109898,-0.4411802803855811,0.6336061411122126,0.7497867429951857,0.2847805156687715,23.0,0.30434782608695654,0.03256943675878676,2.2471452720521734
supertrend,"{'atr_window': 14, 'multiplier': 3.0}",0.778702218448079,0.12258680921202059,-0.4086592634449778,0.6153505564845394,0.6904734458424319,0.29997315655742074,18.0,0.5,0.04150721675867955,2.3114993587531547
supertrend,"{'atr_window': 14, 'multiplier': 2.0}",0.7621474588575601,0.1204810066755524,-0.3731092542328175,0.6196241203190618,0.6905626981567691,0.3229107970620667,34.0,0.47058823529411764,0.02186436888002142,1.846754885014832
supertrend,"{'atr_window': 14, 'multiplier': 2.5}",0.7532571232005514,0.11934360317814652,-0.35235910892911626,0.60342258807311,0.659622805989518,0.3386987881223038,23.0,0.4782608695652174,0.03137019892891236,2.107431627922781
ema_cross,"{'fast_window': 15, 'slow_window': 30}",0.74343011011006,0.11808098782507326,-0.42839879323712693,0.6069051370279241,0.726931395699747,0.2756333343817642,18.0,0.3333333333333333,0.03958589901193588,2.25136114133637
volume_breakout,"{'breakout_window': 10, 'volume_multiplier': 1.0, 'trend_window': 75}",0.7417694871790463,0.11786706263279267,-0.24651118417540874,0.6393841028959054,0.6495030817005333,0.47814083173168564,15.0,0.26666666666666666,0.0374962470393378,2.586540295774296
rsi_pullback,"{'rsi_window': 21, 'entry_threshold': 40, 'exit_threshold': 65}",0.737111096716744,0.11726608704585173,-0.17388995108548144,0.869263584937675,0.6283749789888929,0.6743695441504015,5.0,1.0,0.11752588934756847,inf
supertrend,"{'atr_window': 10, 'multiplier': 3.5}",0.6683776296789388,0.10824555625639709,-0.4160381173306451,0.5853562161397049,0.638012296424484,0.260181824086011,16.0,0.3125,0.05075649485199174,2.385221846129656
pullback_continuation,"{'pullback_ema_window': 10, 'trend_window': 50, 'long_window': 200, 'atr_stop_multiplier': 2.0}",0.6482794016202766,0.10555180811233433,-0.261890372668955,0.685164093420127,0.6066646640898424,0.40303813781561987,19.0,0.3684210526315789,0.03832491918954824,2.94087385807611
ema_cross,"{'fast_window': 5, 'slow_window': 30}",0.6376721742368427,0.1041195322755104,-0.46858543219335014,0.5405009058125537,0.6071907185215338,0.22219967827029685,31.0,0.3870967741935484,0.025810250630004004,1.9338681835027218
volume_breakout,"{'breakout_window': 20, 'volume_multiplier': 1.0, 'trend_window': 75}",0.6261816909704294,0.102559601542908,-0.24245871418163734,0.5768580665760019,0.5782861755547086,0.4229982077116673,14.0,0.2857142857142857,0.034048582377495355,2.365219594554869
supertrend,"{'atr_window': 7, 'multiplier': 3.5}",0.624052086217928,0.1022695225896526,-0.4303852929436892,0.569822023614483,0.6147380701635645,0.2376231815222212,16.0,0.375,0.04928890570346184,2.274080947387262
volume_breakout,"{'breakout_window': 10, 'volume_multiplier': 1.2, 'trend_window': 75}",0.6076818450924797,0.10002948069794582,-0.20632084086426383,0.581341837210989,0.5489717685778646,0.48482489834245146,13.0,0.3076923076923077,0.0467319441830798,3.014166307436805
pullback_continuation,"{'pullback_ema_window': 10, 'trend_window': 50, 'long_window': 200, 'atr_stop_multiplier': 3.0}",0.6047842597191906,0.09963108899551121,-0.2630017352184335,0.6418622040319311,0.544517873310626,0.37882293404932704,18.0,0.3888888888888889,0.03913534458404119,2.7658786302153064
pullback_continuation,"{'pullback_ema_window': 10, 'trend_window': 75, 'long_window': 200, 'atr_stop_multiplier': 3.0}",0.5880429161912946,0.09731798307089812,-0.2656807996930195,0.6003742045052488,0.5509560863332124,0.36629663559935094,17.0,0.4117647058823529,0.038582676054539154,3.110356332940978
ema_cross,"{'fast_window': 15, 'slow_window': 20}",0.5876112926337265,0.09725808961257121,-0.4694086234385648,0.5183344116201577,0.6026900539795449,0.20719280549242006,25.0,0.36,0.031036670076155484,1.949994652782389
supertrend,"{'atr_window': 7, 'multiplier': 2.0}",0.5838492729227545,0.09673550800879815,-0.4477262729127377,0.5339013176686475,0.5772494548906802,0.21605948513915332,31.0,0.41935483870967744,0.02048579339744974,1.7807970421971693
pullback_continuation,"{'pullback_ema_window': 10, 'trend_window': 50, 'long_window': 200, 'atr_stop_multiplier': 2.5}",0.5749622996142911,0.09549706878901687,-0.28582356681900245,0.6253618693559561,0.5425789354112207,0.3341119483317144,19.0,0.3684210526315789,0.03605368274266135,2.637504557546031
volume_breakout,"{'breakout_window': 20, 'volume_multiplier': 1.0, 'trend_window': 50}",0.549630150410489,0.09193600806008373,-0.2852477449600259,0.5437001334478345,0.5295943369915925,0.32230231328548264,17.0,0.47058823529411764,0.033811090697360956,2.4205840011577884
pullback_continuation,"{'pullback_ema_window': 10, 'trend_window': 75, 'long_window': 200, 'atr_stop_multiplier': 2.5}",0.5419012579411147,0.09084026050894978,-0.2960128126572139,0.570059235404789,0.5262732991593461,0.30687948840290163,18.0,0.3888888888888889,0.0348548289768529,2.774451838037244
donchian_breakout,"{'entry_window': 10, 'exit_window': 20}",0.5166864621526464,0.08723469332139078,-0.4664195148599537,0.4598832784911678,0.554939455641903,0.18703053912224002,21.0,0.47619047619047616,0.027965604705010215,1.7064710285791214
volume_breakout,"{'breakout_window': 10, 'volume_multiplier': 1.0, 'trend_window': 50}",0.5132298430036208,0.0867366905974638,-0.2810899502883144,0.5100351772562605,0.5071994913749349,0.30857272025733345,20.0,0.4,0.028355566979432773,2.134487311723216
rsi_pullback,"{'rsi_window': 10, 'entry_threshold': 40, 'exit_threshold': 65}",0.5089866861208105,0.08612412513091217,-0.22026042028320758,0.634681764125946,0.4645972876108837,0.3910104458176146,11.0,0.7272727272727273,0.040312817561209434,3.4701396465159866
volume_breakout,"{'breakout_window': 20, 'volume_multiplier': 1.5, 'trend_window': 50}",0.5077903861524349,0.08595117193730584,-0.15255707065600033,0.5653781233937699,0.5047392054720148,0.5634033976118775,10.0,0.5,0.049754481994532404,3.3185639027794847
volume_breakout,"{'breakout_window': 10, 'volume_multiplier': 1.5, 'trend_window': 50}",0.5073891143270561,0.08589313412925992,-0.15278260264923038,0.5604043627416682,0.5091859640806561,0.5621918506419199,11.0,0.45454545454545453,0.045207153416152675,3.3144533855374148
volume_breakout,"{'breakout_window': 20, 'volume_multiplier': 1.2, 'trend_window': 75}",0.5009924106715058,0.08496627771399545,-0.20205221615540303,0.5151564577577273,0.4793610209221244,0.42051643545768347,12.0,0.3333333333333333,0.043479310172908785,2.7610582280650657
supertrend,"{'atr_window': 10, 'multiplier': 3.0}",0.49891453728565716,0.0846645230329719,-0.41555006907480097,0.4756225473104015,0.4969664445632229,0.2037408469729598,19.0,0.47368421052631576,0.029244193063262657,1.8164558825944934
volume_breakout,"{'breakout_window': 20, 'volume_multiplier': 1.5, 'trend_window': 75}",0.4949220935911953,0.08408378948076134,-0.17363286841292835,0.5294795756564399,0.473372415102967,0.4842619387061893,9.0,0.4444444444444444,0.05406023906803009,3.1849318458652474
volume_breakout,"{'breakout_window': 10, 'volume_multiplier': 1.5, 'trend_window': 75}",0.4869250021577438,0.08291680914709088,-0.17363286841292824,0.5236254421896139,0.4689169341172192,0.47754097426934583,10.0,0.4,0.04811926478035202,3.1102145286012775
rsi_pullback,"{'rsi_window': 21, 'entry_threshold': 45, 'exit_threshold': 65}",0.4839135675125601,0.08247606348201342,-0.2189322881885335,0.6015035614102298,0.4269910953817245,0.3767195061287131,5.0,1.0,0.08305879699343306,inf
pullback_continuation,"{'pullback_ema_window': 10, 'trend_window': 75, 'long_window': 150, 'atr_stop_multiplier': 3.0}",0.4827535213762397,0.08230609144326428,-0.2445535077240445,0.5299687491771106,0.4769143669882601,0.3365565769604046,16.0,0.4375,0.032807527219694765,2.8559143239281886
volume_breakout,"{'breakout_window': 10, 'volume_multiplier': 1.2, 'trend_window': 50}",0.47625456848517556,0.08135188283276085,-0.25095030026413256,0.5023270203460284,0.4738670517041062,0.3241752759296785,17.0,0.4117647058823529,0.031160088151919004,2.3162618692964068
supertrend,"{'atr_window': 7, 'multiplier': 3.0}",0.4667240059208815,0.07994646833123142,-0.4137227782824041,0.46253350428959517,0.48384763879765136,0.19323680620906145,19.0,0.47368421052631576,0.027793436564878888,1.7855440470260329
volume_breakout,"{'breakout_window': 20, 'volume_multiplier': 1.2, 'trend_window': 50}",0.4643631685074485,0.07959720238797541,-0.23615655290989912,0.5018844816077135,0.45451994757503617,0.337052694101375,14.0,0.5,0.03620201680363309,2.500623023781736
volume_breakout,"{'breakout_window': 10, 'volume_multiplier': 1.0, 'trend_window': 100}",0.46249555917063834,0.07932058641648254,-0.2885374308946379,0.47363091322308287,0.49876008927220006,0.27490570693216987,13.0,0.23076923076923078,0.02833438792057049,1.8121502627314352
rsi_pullback,"{'rsi_window': 21, 'entry_threshold': 40, 'exit_threshold': 60}",0.454428238674242,0.07812246330636174,-0.17388995108548144,0.6425655548244,0.41543212420197734,0.4492638178267014,5.0,1.0,0.07875230028990814,inf
pullback_continuation,"{'pullback_ema_window': 10, 'trend_window': 75, 'long_window': 150, 'atr_stop_multiplier': 2.5}",0.4396711175223953,0.0759169875593968,-0.27575821105726794,0.49884158512562043,0.45160198222495673,0.27530272722733456,17.0,0.4117647058823529,0.02920010965713554,2.5245758384712733
pullback_continuation,"{'pullback_ema_window': 10, 'trend_window': 75, 'long_window': 200, 'atr_stop_multiplier': 2.0}",0.4304727692228101,0.0745331223404937,-0.303036113324732,0.49768389772756755,0.4428113032398362,0.24595458779734403,19.0,0.3157894736842105,0.029034402594049172,2.381034757534993
rsi_pullback,"{'rsi_window': 14, 'entry_threshold': 35, 'exit_threshold': 65}",0.42463264527617595,0.07365079695564103,-0.17388995108548155,0.6099093400552261,0.3983640912738887,0.42354832177412866,5.0,1.0,0.0742977534313527,inf
volume_breakout,"{'breakout_window': 20, 'volume_multiplier': 1.0, 'trend_window': 100}",0.4217177307555344,0.07320933002690366,-0.2885374308946379,0.44729409091140904,0.4678767046713606,0.25372559047161103,13.0,0.23076923076923078,0.02582545984157884,1.740236706517007
rsi_pullback,"{'rsi_window': 14, 'entry_threshold': 40, 'exit_threshold': 65}",0.4085983940746791,0.07121339163423901,-0.2189322881885336,0.5349761551017067,0.36731390801847646,0.32527587512771794,6.0,0.8333333333333334,0.060535023270427896,13.159765414569142
ema_cross,"{'fast_window': 10, 'slow_window': 30}",0.4077592333401314,0.0710852193316831,-0.4799099056583951,0.41320903026336014,0.47581869206196603,0.14812200893032265,26.0,0.34615384615384615,0.024902338594101826,1.739809486473051
rsi_pullback,"{'rsi_window': 21, 'entry_threshold': 45, 'exit_threshold': 60}",0.38569143371579173,0.06769249041417313,-0.2189322881885335,0.5511908705297975,0.38295562214871687,0.3091937282265088,6.0,0.8333333333333334,0.05720388532722562,12.490634492260673
bollinger_mean_reversion,"{'window': 30, 'std_mult': 2.5}",0.38513004398630324,0.06760562012761584,-0.13553527338926785,0.638399807623989,0.34530921961666144,0.4988046169608353,7.0,0.8571428571428571,0.048343971153922714,10.240895987213367
rsi_pullback,"{'rsi_window': 14, 'entry_threshold': 45, 'exit_threshold': 65}",0.36216087775847705,0.06402696821822373,-0.22026042028320747,0.4702522749142015,0.34587430071429903,0.2906875785304452,7.0,0.7142857142857143,0.04685248028624417,6.696415553755989
rsi_pullback,"{'rsi_window': 14, 'entry_threshold': 45, 'exit_threshold': 60}",0.35831954738143823,0.0634237802612192,-0.2283789953679456,0.49864964983113014,0.35058025513747204,0.27771284377110067,10.0,0.7,0.033344468104883604,2.857417197008466
rsi_pullback,"{'rsi_window': 21, 'entry_threshold': 35, 'exit_threshold': 65}",0.3455621933365991,0.06141071464441916,-0.11377344685621937,0.9525410052376242,0.36664721456673094,0.5397631551237667,2.0,1.0,0.16030983280978817,inf
rsi_pullback,"{'rsi_window': 10, 'entry_threshold': 45, 'exit_threshold': 65}",0.3455540428446775,0.061409423658876694,-0.24778815687533073,0.4692494547016789,0.35106716103606256,0.2478303419875451,12.0,0.75,0.030713948150897608,2.6301723283324776
volume_breakout,"{'breakout_window': 40, 'volume_multiplier': 1.0, 'trend_window': 50}",0.33805142943657707,0.06021839831545539,-0.19248740255050167,0.43416435688620997,0.36774832309609246,0.31284332126439435,11.0,0.5454545454545454,0.03590862480510046,2.7836509358827684
pullback_continuation,"{'pullback_ema_window': 10, 'trend_window': 75, 'long_window': 150, 'atr_stop_multiplier': 2.0}",0.33563048842846466,0.05983293968447301,-0.2829835809662369,0.42308529120010685,0.36864752314982835,0.21143608219309284,18.0,0.3333333333333333,0.023370477326382474,2.132403726136781
donchian_breakout,"{'entry_window': 10, 'exit_window': 10}",0.3322455237427695,0.05929305337191115,-0.44996291424748436,0.36540607980205775,0.38908721446700645,0.13177320062270587,27.0,0.4074074074074074,0.017323247667279357,1.4890216925760105
rsi_pullback,"{'rsi_window': 14, 'entry_threshold': 40, 'exit_threshold': 60}",0.32950375430304146,0.05885494954036097,-0.2436112217742742,0.4919593276031142,0.32791041650737157,0.2415937538168702,8.0,0.75,0.038380765303576675,3.6232169588456555
volume_breakout,"{'breakout_window': 10, 'volume_multiplier': 1.2, 'trend_window': 100}",0.3144635953410526,0.05643877485310811,-0.27026563337909515,0.37840918677045826,0.37162947131821633,0.20882704969722432,12.0,0.25,0.032279943287967065,1.9073483483889395
volume_breakout,"{'breakout_window': 40, 'volume_multiplier': 1.0, 'trend_window': 75}",0.31413699335473066,0.056386062241748025,-0.24527785073397623,0.39309828818960457,0.3385671191836748,0.22988648209782012,9.0,0.3333333333333333,0.03594276141129902,2.1747942653092784
macd_momentum,"{'fast': 12, 'slow': 26, 'signal': 9}",0.3141003906240012,0.05638015401496155,-0.4510881202581737,0.35658398119257506,0.38369834107245876,0.12498700693490485,55.0,0.38181818181818183,0.007220591497016986,1.3620188112243676
rsi_pullback,"{'rsi_window': 10, 'entry_threshold': 40, 'exit_threshold': 60}",0.31100644899828267,0.05588026959422021,-0.22773054366172574,0.4744758620055732,0.32835717768889,0.2453788969003015,12.0,0.75,0.025026319732344066,2.3251166976063664
bollinger_mean_reversion,"{'window': 20, 'std_mult': 2.5}",0.28941666755436013,0.05236554042796859,-0.10527855515245088,0.535736693273517,0.30414979907165424,0.4973998774217555,10.0,0.7,0.026628529726690504,6.313483252004579
rsi_pullback,"{'rsi_window': 21, 'entry_threshold': 35, 'exit_threshold': 60}",0.2851155502091669,0.05165972505428362,-0.11377344685621937,0.8673455701833248,0.30289208387972016,0.45405783582849824,2.0,1.0,0.13432360763783407,inf
volume_breakout,"{'breakout_window': 20, 'volume_multiplier': 1.2, 'trend_window': 100}",0.2778132475074393,0.05045707831709034,-0.27026563337909515,0.35029718573074664,0.34148408334111635,0.18669439279508912,12.0,0.25,0.029561937869059418,1.8309486563028212
volume_breakout,"{'breakout_window': 10, 'volume_multiplier': 1.5, 'trend_window': 100}",0.2766694513930721,0.05026820450043834,-0.22901874176931947,0.3587389444722811,0.3374148282197711,0.21949384627687502,10.0,0.3,0.03252209133391439,1.928194700451482
volume_breakout,"{'breakout_window': 20, 'volume_multiplier': 1.5, 'trend_window': 100}",0.2766694513930721,0.05026820450043834,-0.22901874176931947,0.3587389444722811,0.3374148282197711,0.21949384627687502,10.0,0.3,0.03252209133391439,1.928194700451482
donchian_breakout,"{'entry_window': 20, 'exit_window': 20}",0.24832328125530578,0.04554364987933246,-0.5049088488792572,0.30808673576954576,0.33677947254475,0.09020172647087765,18.0,0.3888888888888889,0.020207960490515132,1.4630827173064644
donchian_breakout,"{'entry_window': 55, 'exit_window': 20}",0.24485046785942344,0.04495894502689701,-0.33250489572723996,0.3273210599569054,0.2909747302066506,0.13521288138800122,12.0,0.5,0.026262045851472904,1.6144798209911857
rsi_pullback,"{'rsi_window': 10, 'entry_threshold': 45, 'exit_threshold': 60}",0.23440549705471247,0.0431924715071248,-0.2556341038148815,0.37138189437401237,0.26848816785282686,0.1689620862887794,14.0,0.7142857142857143,0.02039625753680534,2.0493614470682555
bollinger_mean_reversion,"{'window': 30, 'std_mult': 1.5}",0.2335429010569816,0.043046054287050106,-0.29439902887968106,0.3257832774245194,0.2801996900119124,0.14621669932424522,17.0,0.7058823529411765,0.013613747044534287,1.6435545758813124
macd_momentum,"{'fast': 12, 'slow': 21, 'signal': 9}",0.23339687216740068,0.043021259215292096,-0.44377671957972287,0.3006613887794327,0.31811127083528,0.09694347927046562,54.0,0.4074074074074074,0.006076383279145679,1.3066631835637503
volume_breakout,"{'breakout_window': 40, 'volume_multiplier': 1.5, 'trend_window': 50}",0.22876906283321752,0.04223425922993318,-0.13958114373963337,0.3600998551172214,0.26753252700720825,0.3025785439093015,8.0,0.625,0.03366482340151656,2.7090748773101327
volume_breakout,"{'breakout_window': 40, 'volume_multiplier': 1.5, 'trend_window': 75}",0.22850192567389205,0.04218875791713517,-0.17363286841292824,0.3410613594950329,0.25466967508374533,0.24297679525055813,7.0,0.42857142857142855,0.03740522228375145,2.4117092195866507
rsi_pullback,"{'rsi_window': 10, 'entry_threshold': 35, 'exit_threshold': 65}",0.22499717492840388,0.04159106217775421,-0.2275738163020905,0.37892911379094063,0.24002476061483916,0.18275855655795037,7.0,0.5714285714285714,0.03147509207966887,2.9690376985174174
volume_breakout,"{'breakout_window': 40, 'volume_multiplier': 1.2, 'trend_window': 50}",0.2241606701377754,0.041448203724215205,-0.16668333190145213,0.3402051859909883,0.25867192719270404,0.24866435804583356,10.0,0.5,0.03014803273079818,2.2629901133370174
volume_breakout,"{'breakout_window': 40, 'volume_multiplier': 1.0, 'trend_window': 100}",0.2233175439060604,0.04130413549134904,-0.2792540281650172,0.3121849365011589,0.2792363196537109,0.14790882610632042,9.0,0.2222222222222222,0.026879240379351757,1.7551235539462438
volume_breakout,"{'breakout_window': 40, 'volume_multiplier': 1.2, 'trend_window': 75}",0.21731976934955854,0.04027697600065494,-0.19717308303303593,0.31943655544833055,0.2466344947654741,0.20427218249616058,9.0,0.3333333333333333,0.03159804654426528,2.046564151814748
rsi_pullback,"{'rsi_window': 21, 'entry_threshold': 40, 'exit_threshold': 55}",0.1878474283934164,0.0351700602590046,-0.19660584235241008,0.3503636669346424,0.1874866742637269,0.1788861400973188,5.0,0.6,0.036543682874546714,4.725404807515305
donchian_breakout,"{'entry_window': 20, 'exit_window': 10}",0.17786758171787653,0.033417815756977554,-0.4552257877398159,0.26111699117607917,0.24910438447880803,0.07340932051080878,23.0,0.391304347826087,0.013288569901617696,1.3550241356176609
rsi_pullback,"{'rsi_window': 21, 'entry_threshold': 35, 'exit_threshold': 55}",0.16991202659089666,0.03201247346815994,-0.11377344685621937,0.629188083383763,0.1760535563649967,0.2813703403801728,2.0,1.0,0.08220850155214675,inf
rsi_pullback,"{'rsi_window': 14, 'entry_threshold': 35, 'exit_threshold': 60}",0.16723782188263003,0.03153836221919315,-0.2024732391338303,0.32026207588587835,0.1737438137788681,0.1557655834129615,5.0,0.6,0.032861793288229475,4.6111011226513305
donchian_breakout,"{'entry_window': 55, 'exit_window': 10}",0.16548801432097893,0.031227667799244907,-0.2866702991057334,0.2611952970856015,0.21320169074958292,0.10893234456677049,15.0,0.4,0.01627808572810722,1.4406602843693277
donchian_breakout,"{'entry_window': 10, 'exit_window': 5}",0.16468194996533847,0.031084418226420718,-0.39676287174934566,0.2536460793631248,0.25925386631308744,0.0783450782311563,38.0,0.47368421052631576,0.006712587952386835,1.2839621720640435
rsi_pullback,"{'rsi_window': 21, 'entry_threshold': 45, 'exit_threshold': 55}",0.15003867160323026,0.0284681937581861,-0.23804647673920631,0.2854630657255442,0.17093955861322002,0.1195909057262572,7.0,0.7142857142857143,0.02187488254533218,2.272405941738422
bollinger_mean_reversion,"{'window': 30, 'std_mult': 2.0}",0.1498252723275093,0.028429870680273694,-0.2838527087210354,0.26058569642763424,0.18896839543796154,0.10015712306699875,11.0,0.6363636363636364,0.014751435368225818,1.7589683963565486
volume_breakout,"{'breakout_window': 40, 'volume_multiplier': 1.5, 'trend_window': 100}",0.1436006793802973,0.02730952477613746,-0.1944797365090073,0.24854786945039886,0.19454100494114182,0.14042349741086071,7.0,0.2857142857142857,0.02617239822815635,1.7948828974651545
volume_breakout,"{'breakout_window': 40, 'volume_multiplier': 1.2, 'trend_window': 100}",0.1331913171300676,0.02542503719442535,-0.23017743514534938,0.23287053203589167,0.18784244322570534,0.11045842603281371,9.0,0.2222222222222222,0.02255643607201479,1.6409343882582226
donchian_breakout,"{'entry_window': 55, 'exit_window': 5}",0.1262129299717214,0.024153924914475544,-0.21090391439201528,0.2320257115363484,0.17605302065129508,0.11452573075329321,20.0,0.4,0.008926243112289364,1.357354025299899
pullback_continuation,"{'pullback_ema_window': 20, 'trend_window': 50, 'long_window': 150, 'atr_stop_multiplier': 2.0}",0.12446703467734777,0.023834926197588535,-0.20916467759227786,0.2393264617176608,0.1638638647101434,0.11395292203232166,16.0,0.3125,0.010457430221765578,1.501825771039893
donchian_breakout,"{'entry_window': 40, 'exit_window': 5}",0.1082532346695082,0.020853378569981817,-0.2860731817308284,0.20983568587555906,0.1652139417968938,0.07289525863211865,22.0,0.4090909090909091,0.007773405198267916,1.3006644490001407
donchian_breakout,"{'entry_window': 40, 'exit_window': 10}",0.10777806280823743,0.0207654750403381,-0.3766376545780725,0.2034004250701834,0.17077205048157407,0.05513382633927183,17.0,0.4117647058823529,0.012053515410305667,1.3128056558264205
donchian_breakout,"{'entry_window': 40, 'exit_window': 20}",0.10676115829397559,0.0205772533933537,-0.4543802077006208,0.20171000999636374,0.18573397311246653,0.045286421029393766,14.0,0.42857142857142855,0.015116278048687423,1.313884842161571
rsi_pullback,"{'rsi_window': 14, 'entry_threshold': 40, 'exit_threshold': 55}",0.10627797690690866,0.020487771582451852,-0.26248049679173113,0.2291715604423801,0.14397147054695977,0.07805445293220457,8.0,0.75,0.014753723062819982,1.7159355396086797
rsi_pullback,"{'rsi_window': 10, 'entry_threshold': 40, 'exit_threshold': 55}",0.09759275673217194,0.018873978101304756,-0.27797269886777864,0.21011045350802882,0.13523491847782196,0.06789867558282194,12.0,0.75,0.010132240186828066,1.4178812125092737
macd_momentum,"{'fast': 12, 'slow': 21, 'signal': 5}",0.09631126243191712,0.018635001462275147,-0.49764103078258204,0.19439974787791534,0.2035729974469653,0.03744667402719999,67.0,0.3582089552238806,0.0032155146890234937,1.1650391336994956
bollinger_mean_reversion,"{'window': 15, 'std_mult': 2.0}",0.09435437852546547,0.018269645171413496,-0.18785541688790752,0.19541833552418508,0.1440832694472999,0.09725375756566504,23.0,0.6521739130434783,0.005237073160857443,1.321032203615221
pullback_continuation,"{'pullback_ema_window': 20, 'trend_window': 50, 'long_window': 150, 'atr_stop_multiplier': 2.5}",0.09012659890068053,0.01747851952876167,-0.23239384257295903,0.193820402790632,0.12922677384348916,0.07521076864708395,16.0,0.3125,0.008604255322288912,1.3791766889139332
bollinger_mean_reversion,"{'window': 20, 'std_mult': 1.5}",0.07929213998402562,0.015439862996830422,-0.24378528749436246,0.17469239269835812,0.14968741447538175,0.06333385888673643,26.0,0.6923076923076923,0.006185632536470716,1.3536274946108287
macd_momentum,"{'fast': 8, 'slow': 21, 'signal': 9}",0.07456066091337221,0.01454443417774609,-0.48516474941536314,0.17705463044447603,0.18705712680192466,0.029978340749760846,62.0,0.3870967741935484,0.0031297459265404626,1.1511995554120336
bollinger_mean_reversion,"{'window': 15, 'std_mult': 2.5}",0.07253149927961355,0.014159451174446502,-0.16785321218740934,0.18661928742034894,0.09347328194825914,0.08435615255689817,10.0,0.7,0.00812777687997565,1.663361055522133
rsi_pullback,"{'rsi_window': 10, 'entry_threshold': 35, 'exit_threshold': 60}",0.07196960330109015,0.0140527424658905,-0.26409855986200015,0.17647528570753607,0.11201451253566483,0.05321021997709303,7.0,0.5714285714285714,0.01208485145348698,1.5273585163961294
rsi_pullback,"{'rsi_window': 14, 'entry_threshold': 45, 'exit_threshold': 55}",0.06578642916586586,0.012875543972443504,-0.3052162436250341,0.1637934985580066,0.10640070462343132,0.04218498930306421,10.0,0.7,0.00840526381506616,1.37087472802803
rsi_pullback,"{'rsi_window': 14, 'entry_threshold': 35, 'exit_threshold': 55}",0.05190019019698355,0.010211751705709204,-0.2174421510305956,0.14790264055015803,0.07970957842748971,0.046963073430378,5.0,0.6,0.011608821968039276,1.6092502262486148
pullback_continuation,"{'pullback_ema_window': 20, 'trend_window': 50, 'long_window': 150, 'atr_stop_multiplier': 3.0}",0.049770116827317246,0.009800657865391083,-0.26081061926921323,0.1404703771511723,0.09070169862647612,0.037577679516471965,16.0,0.3125,0.006373963660816001,1.2557541118421247
donchian_breakout,"{'entry_window': 20, 'exit_window': 5}",0.032827704087104115,0.006506892685417043,-0.3915465759882132,0.1257957954929837,0.1133832993211116,0.01661843848077201,32.0,0.375,0.003635295106095426,1.1450665918725886
rsi_pullback,"{'rsi_window': 10, 'entry_threshold': 45, 'exit_threshold': 55}",0.018745436055886078,0.003736141495967571,-0.3040609146634564,0.09479038607247497,0.064191668605723,0.012287477001451642,14.0,0.7142857142857143,0.006688959370756863,1.2790724093435994
bollinger_mean_reversion,"{'window': 20, 'std_mult': 2.0}",0.015624044501153511,0.003117852754763284,-0.25626604188640334,0.10003144411640055,0.07966375279102782,0.012166468611340063,20.0,0.7,0.004285405878512623,1.2210813188745968
ema_cross,"{'fast_window': 20, 'slow_window': 20}",0.0,0.0,0.0,0.0,0.0,0.0,0.0,0.0,0.0,0.0
pullback_continuation,"{'pullback_ema_window': 20, 'trend_window': 75, 'long_window': 150, 'atr_stop_multiplier': 3.0}",-0.026997103908312114,-0.0054803790451350975,-0.277489506575893,0.03838639142872264,0.02556038378022881,-0.01974986050017074,13.0,0.3076923076923077,0.0008333322307599257,1.0314139178069959
pullback_continuation,"{'pullback_ema_window': 20, 'trend_window': 75, 'long_window': 200, 'atr_stop_multiplier': 3.0}",-0.026997103908312114,-0.0054803790451350975,-0.277489506575893,0.03838639142872264,0.02556038378022881,-0.01974986050017074,13.0,0.3076923076923077,0.0008333322307599257,1.0314139178069959
rsi_pullback,"{'rsi_window': 10, 'entry_threshold': 35, 'exit_threshold': 55}",-0.043300163341221665,-0.008849003838818814,-0.2894542641947885,-0.019930268687533635,-0.011946347416212994,-0.030571336937927678,7.0,0.5714285714285714,-0.003938463454656619,0.8780831904799039
macd_momentum,"{'fast': 8, 'slow': 26, 'signal': 9}",-0.04544272229640289,-0.00929511462649868,-0.5033727381842305,0.07097658694195394,0.07446846568512393,-0.01846566951565172,64.0,0.390625,0.0010736380269559089,1.0549675927461954
pullback_continuation,"{'pullback_ema_window': 20, 'trend_window': 50, 'long_window': 200, 'atr_stop_multiplier': 2.5}",-0.046282265337042494,-0.009470137488207242,-0.3284453325761354,-0.003728994630917476,-0.0022937768536860823,-0.028833222910884304,16.0,0.25,0.0001954023765026753,1.0074014616867364
macd_momentum,"{'fast': 12, 'slow': 26, 'signal': 5}",-0.051148571120644526,-0.010487067916282733,-0.5072064211736105,0.06548503297222973,0.06912007025403077,-0.020676133973258865,70.0,0.34285714285714286,0.0010377974388641987,1.0534576183638615
pullback_continuation,"{'pullback_ema_window': 20, 'trend_window': 50, 'long_window': 200, 'atr_stop_multiplier': 2.0}",-0.05569195095010915,-0.01144028473891856,-0.33507110670487106,-0.02212473498343826,-0.013916430216336538,-0.034142856575798713,17.0,0.23529411764705882,-0.00043665680255686016,0.9828547591101408
bollinger_mean_reversion,"{'window': 15, 'std_mult': 1.5}",-0.06033234216272054,-0.012417645994645898,-0.22466304967094874,0.015552567015002305,0.013544008703978924,-0.055272311191508,32.0,0.59375,0.0008211014523040305,1.04517262661425
pullback_continuation,"{'pullback_ema_window': 20, 'trend_window': 75, 'long_window': 150, 'atr_stop_multiplier': 2.5}",-0.0629466355619892,-0.01296996952879248,-0.3039298819996571,-0.01622358614797815,-0.01092458871924734,-0.04267421631416655,14.0,0.2857142857142857,-0.0019103418198914946,0.9286034297967399
pullback_continuation,"{'pullback_ema_window': 20, 'trend_window': 75, 'long_window': 200, 'atr_stop_multiplier': 2.5}",-0.0629466355619892,-0.01296996952879248,-0.3039298819996571,-0.01622358614797815,-0.01092458871924734,-0.04267421631416655,14.0,0.2857142857142857,-0.0019103418198914946,0.9286034297967399
pullback_continuation,"{'pullback_ema_window': 20, 'trend_window': 50, 'long_window': 200, 'atr_stop_multiplier': 3.0}",-0.08158889183417395,-0.01694464541327434,-0.35330628351936066,-0.05574431453998711,-0.03319591631449388,-0.04796021526842106,16.0,0.25,-0.002034889284970254,0.9289265741835286
macd_momentum,"{'fast': 8, 'slow': 26, 'signal': 5}",-0.10436435659744547,-0.021889026270300427,-0.528522122498994,0.010687219210516179,0.011194576976188576,-0.04141553463609669,83.0,0.30120481927710846,0.00030689121156041903,1.0155532837065975
pullback_continuation,"{'pullback_ema_window': 20, 'trend_window': 75, 'long_window': 150, 'atr_stop_multiplier': 2.0}",-0.13890881529677612,-0.0295837173229766,-0.36035676804287387,-0.14554993094688606,-0.09392464496216521,-0.08209563395644852,16.0,0.1875,-0.006936129385584539,0.7517978196767685
pullback_continuation,"{'pullback_ema_window': 20, 'trend_window': 75, 'long_window': 200, 'atr_stop_multiplier': 2.0}",-0.13890881529677612,-0.0295837173229766,-0.36035676804287387,-0.14554993094688606,-0.09392464496216521,-0.08209563395644852,16.0,0.1875,-0.006936129385584539,0.7517978196767685
macd_momentum,"{'fast': 8, 'slow': 21, 'signal': 5}",-0.14657755532466732,-0.03132528701247461,-0.5503331151598948,-0.03384691662156179,-0.03558462022209436,-0.0569205925457953,85.0,0.3058823529411765,-0.0003298830761552639,0.9830719736875918
