date,cash,shares,position_value,equity,total_contributed,technical_state
2023-01-03,10000.0,0.0,0.0,10000.0,10000.0,0
2023-01-04,10000.0,0.0,0.0,10000.0,10000.0,0
2023-01-05,10000.0,0.0,0.0,10000.0,10000.0,0
2023-01-06,10000.0,0.0,0.0,10000.0,10000.0,0
2023-01-09,10000.0,0.0,0.0,10000.0,10000.0,0
2023-01-10,10000.0,0.0,0.0,10000.0,10000.0,0
2023-01-11,10000.0,0.0,0.0,10000.0,10000.0,0
2023-01-12,10000.0,0.0,0.0,10000.0,10000.0,0
2023-01-13,10000.0,0.0,0.0,10000.0,10000.0,0
2023-01-17,10000.0,0.0,0.0,10000.0,10000.0,0
2023-01-18,0.0,221.48715821519463,9985.017481269355,9985.017481269355,10000.0,1
2023-01-19,0.0,221.48715821519463,9842.517248075927,9842.517248075927,10000.0,1
2023-01-20,0.0,221.48715821519463,9963.747806125506,9963.747806125506,10000.0,1
2023-01-23,0.0,221.48715821519463,10112.630462693713,10112.630462693713,10000.0,0
2023-01-24,0.0,221.48715821519463,10139.570305069245,10139.570305069245,10000.0,0
2023-01-25,0.0,221.48715821519463,10091.362477362776,10091.362477362776,10000.0,0
2023-01-26,0.0,221.48715821519463,10082.142858106015,10082.142858106015,10000.0,0
2023-01-27,0.0,221.48715821519463,10159.421382272103,10159.421382272103,10000.0,0
2023-01-30,0.0,221.48715821519463,10077.891288815325,10077.891288815325,10000.0,0
2023-01-31,0.0,221.48715821519463,10199.83325810154,10199.83325810154,10000.0,0
2023-02-01,10000.0,221.48715821519463,10256.547604015219,20256.54760401522,20000.0,0
2023-02-02,10000.0,221.48715821519463,10182.108810450487,20182.10881045049,20000.0,0
2023-02-03,10000.0,221.48715821519463,10046.697342429732,20046.697342429732,20000.0,0
2023-02-06,0.0,443.2262283192149,19958.69124844952,19958.69124844952,20000.0,1
2023-02-07,0.0,443.2262283192149,20001.251408587654,20001.251408587654,20000.0,0
2023-02-08,0.0,443.2262283192149,19893.429067408208,19893.429067408208,20000.0,1
2023-02-09,0.0,443.2262283192149,20077.865445467494,20077.865445467494,20000.0,0
2023-02-10,0.0,443.2262283192149,20389.987376262827,20389.987376262827,20000.0,0
2023-02-13,0.0,443.2262283192149,20700.689056997937,20700.689056997937,20000.0,0
2023-02-14,0.0,443.2262283192149,20641.097731554244,20641.097731554244,20000.0,0
2023-02-15,0.0,443.2262283192149,20794.324114540043,20794.324114540043,20000.0,0
2023-02-16,0.0,443.2262283192149,20468.01828165513,20468.01828165513,20000.0,0
2023-02-17,0.0,443.2262283192149,20775.877771495903,20775.877771495903,20000.0,0
2023-02-21,0.0,443.2262283192149,20902.14814649337,20902.14814649337,20000.0,0
2023-02-22,0.0,443.2262283192149,20463.760913022215,20463.760913022215,20000.0,0
2023-02-23,0.0,443.2262283192149,20158.73516020637,20158.73516020637,20000.0,0
2023-02-24,0.0,443.2262283192149,20212.64548540915,20212.64548540915,20000.0,0
2023-02-27,0.0,443.2262283192149,20066.515280402848,20066.515280402848,20000.0,0
2023-02-28,0.0,443.2262283192149,20164.411088125635,20164.411088125635,20000.0,0
2023-03-01,0.0,665.803834202504,29868.516633673145,29868.516633673145,30000.0,1
2023-03-02,0.0,665.803834202504,29943.10411688476,29943.10411688476,30000.0,1
2023-03-03,0.0,665.803834202504,29979.332395582973,29979.332395582973,30000.0,0
2023-03-06,0.0,665.803834202504,29975.070543952603,29975.070543952603,30000.0,0
2023-03-07,0.0,665.803834202504,29676.707911905825,29676.707911905825,30000.0,1
2023-03-08,0.0,665.803834202504,29431.623504918807,29431.623504918807,30000.0,1
2023-03-09,0.0,665.803834202504,29233.424545545993,29233.424545545993,30000.0,1
2023-03-10,0.0,665.803834202504,29190.80094956216,29190.80094956216,30000.0,1
2023-03-13,0.0,665.803834202504,29276.048141529827,29276.048141529827,30000.0,1
2023-03-14,0.0,665.803834202504,29431.623504918807,29431.623504918807,30000.0,1
2023-03-15,0.0,665.803834202504,29759.821638218244,29759.821638218244,30000.0,0
2023-03-16,0.0,665.803834202504,29590.76988344026,29590.76988344026,30000.0,1
2023-03-17,0.0,665.803834202504,29830.441891247116,29830.441891247116,30000.0,0
2023-03-20,0.0,665.803834202504,30151.42687875975,30151.42687875975,30000.0,0
2023-03-21,0.0,665.803834202504,30048.715746499813,30048.715746499813,30000.0,0
2023-03-22,0.0,665.803834202504,29856.12475399223,29856.12475399223,30000.0,0
2023-03-23,0.0,665.803834202504,30097.930227454333,30097.930227454333,30000.0,0
2023-03-24,0.0,665.803834202504,30344.02549078753,30344.02549078753,30000.0,0
2023-03-27,0.0,665.803834202504,30851.18075512147,30851.18075512147,30000.0,0
2023-03-28,0.0,665.803834202504,30731.348560978142,30731.348560978142,30000.0,0
2023-03-29,0.0,665.803834202504,30864.02726617416,30864.02726617416,30000.0,0
2023-03-30,0.0,665.803834202504,31172.170822314238,31172.170822314238,30000.0,0
2023-03-31,0.0,665.803834202504,31553.07317681857,31553.07317681857,30000.0,0
2023-04-03,10000.0,665.803834202504,31818.4229676904,41818.4229676904,40000.0,0
2023-04-04,10000.0,665.803834202504,31505.994701359363,41505.99470135936,40000.0,0
2023-04-05,10000.0,665.803834202504,32028.13756192144,42028.13756192144,40000.0,0
2023-04-06,10000.0,665.803834202504,32269.948115063675,42269.94811506367,40000.0,0
2023-04-10,10000.0,665.803834202504,32207.89220273659,42207.89220273659,40000.0,0
2023-04-11,10000.0,665.803834202504,32113.730172138057,42113.73017213806,40000.0,0
2023-04-12,10000.0,665.803834202504,31957.5223885727,41957.5223885727,40000.0,0
2023-04-13,10000.0,665.803834202504,31989.620887323963,41989.62088732397,40000.0,0
2023-04-14,10000.0,665.803834202504,31773.488117246714,41773.488117246714,40000.0,0
2023-04-17,10000.0,665.803834202504,31996.044142850307,41996.04414285031,40000.0,0
2023-04-18,10000.0,665.803834202504,32066.656776358985,42066.656776358985,40000.0,0
2023-04-19,10000.0,665.803834202504,32100.896360285697,42100.8963602857,40000.0,0
2023-04-20,10000.0,665.803834202504,32306.328784165835,42306.32878416583,40000.0,0
2023-04-21,10000.0,665.803834202504,32468.962363097602,42468.9623630976,40000.0,0
2023-04-24,10000.0,665.803834202504,32689.372223845618,42689.37222384562,40000.0,0
2023-04-25,10000.0,665.803834202504,32434.72277917089,42434.72277917089,40000.0,0
2023-04-26,10000.0,665.803834202504,32293.487352793276,42293.48735279328,40000.0,0
2023-04-27,10000.0,665.803834202504,32394.059939717834,42394.05993971783,40000.0,0
2023-04-28,10000.0,665.803834202504,32306.328784165835,42306.32878416583,40000.0,0
2023-05-01,20000.0,665.803834202504,32439.00240968172,52439.00240968172,50000.0,0
2023-05-02,20000.0,665.803834202504,32351.263634609524,52351.263634609524,50000.0,0
2023-05-03,20000.0,665.803834202504,32231.42890062613,52231.42890062613,50000.0,0
2023-05-04,20000.0,665.803834202504,32321.646559602523,52321.64655960252,50000.0,0
2023-05-05,20000.0,665.803834202504,32600.89435531428,52600.89435531428,50000.0,0
2023-05-08,20000.0,665.803834202504,32804.96034523904,52804.96034523904,50000.0,0
2023-05-09,20000.0,665.803834202504,32860.80888844536,52860.80888844536,50000.0,0
2023-05-10,20000.0,665.803834202504,32768.434905253125,52768.434905253125,50000.0,0
2023-05-11,20000.0,665.803834202504,32890.885674504265,52890.885674504265,50000.0,0
2023-05-12,20000.0,665.803834202504,32880.137071345904,52880.137071345904,50000.0,0
2023-05-15,20000.0,665.803834202504,32624.52502728625,52624.52502728625,50000.0,0
2023-05-16,20000.0,665.803834202504,32173.431652724157,52173.43165272416,50000.0,0
2023-05-17,20000.0,665.803834202504,32119.731814213483,52119.73181421348,50000.0,0
2023-05-18,20000.0,665.803834202504,32536.453533165437,52536.45353316543,50000.0,0
2023-05-19,20000.0,665.803834202504,32201.359734087422,52201.359734087426,50000.0,0
2023-05-22,20000.0,665.803834202504,31917.814528984374,51917.814528984374,50000.0,0
2023-05-23,20000.0,665.803834202504,31857.671116226826,51857.671116226826,50000.0,0
2023-05-24,20000.0,665.803834202504,31711.599834363977,51711.59983436398,50000.0,0
2023-05-25,0.0,1089.3034146866803,51365.87680024542,51365.87680024542,50000.0,1
2023-05-26,0.0,1089.3034146866803,51457.2490719188,51457.2490719188,50000.0,1
2023-05-30,0.0,1089.3034146866803,51330.726586680226,51330.726586680226,50000.0,1
2023-05-31,0.0,1089.3034146866803,51615.393867741506,51615.393867741506,50000.0,0
2023-06-01,10000.0,1089.3034146866803,51805.165129511086,61805.165129511086,60000.0,0
2023-06-02,10000.0,1089.3034146866803,52300.69213833595,62300.69213833595,60000.0,0
2023-06-05,10000.0,1089.3034146866803,52645.0969143982,62645.0969143982,60000.0,0
2023-06-06,10000.0,1089.3034146866803,52638.07019597536,62638.07019597536,60000.0,0
2023-06-07,10000.0,1089.3034146866803,52715.389030803075,62715.389030803075,60000.0,0
2023-06-08,10000.0,1089.3034146866803,53478.001980862486,63478.001980862486,60000.0,0
2023-06-09,10000.0,1089.3034146866803,53801.322446293474,63801.322446293474,60000.0,0
2023-06-12,10000.0,1089.3034146866803,54156.28184375962,64156.28184375962,60000.0,0
2023-06-13,10000.0,1089.3034146866803,54577.99714392406,64577.99714392406,60000.0,0
2023-06-14,10000.0,1089.3034146866803,55129.758676945385,65129.758676945385,60000.0,0
2023-06-15,10000.0,1089.3034146866803,55431.9865210196,65431.9865210196,60000.0,0
2023-06-16,10000.0,1089.3034146866803,54658.82726028181,64658.82726028181,60000.0,0
2023-06-20,10000.0,1089.3034146866803,54177.36199902812,64177.36199902812,60000.0,0
2023-06-21,10000.0,1089.3034146866803,54282.78770754716,64282.78770754716,60000.0,0
2023-06-22,10000.0,1089.3034146866803,54736.154405835034,64736.154405835034,60000.0,0
2023-06-23,10000.0,1089.3034146866803,54634.22751275775,64634.22751275775,60000.0,0
2023-06-26,10000.0,1089.3034146866803,54490.14030914348,64490.14030914348,60000.0,0
2023-06-27,10000.0,1089.3034146866803,54293.32570750003,64293.32570750003,60000.0,0
2023-06-28,10000.0,1089.3034146866803,54588.5476099652,64588.5476099652,60000.0,0
2023-06-29,10000.0,1089.3034146866803,54219.53477565339,64219.53477565339,60000.0,0
2023-06-30,10000.0,1089.3034146866803,55238.69566699446,65238.69566699446,60000.0,0
2023-07-03,20000.0,1089.3034146866803,55597.15803526513,75597.15803526514,70000.0,0
2023-07-05,20000.0,1089.3034146866803,55565.53156931825,75565.53156931825,70000.0,0
2023-07-06,20000.0,1089.3034146866803,55214.09591947041,75214.09591947042,70000.0,0
2023-07-07,20000.0,1089.3034146866803,53941.89836837771,73941.8983683777,70000.0,0
2023-07-10,20000.0,1089.3034146866803,54430.39865877975,74430.39865877974,70000.0,0
2023-07-11,20000.0,1089.3034146866803,54349.56438705924,74349.56438705925,70000.0,0
2023-07-12,20000.0,1089.3034146866803,54486.624872250686,74486.62487225069,70000.0,0
2023-07-13,20000.0,1089.3034146866803,54166.81984371249,74166.8198437125,70000.0,0
2023-07-14,20000.0,1089.3034146866803,54353.07982395204,74353.07982395204,70000.0,0
2023-07-17,20000.0,1089.3034146866803,54419.8481927386,74419.8481927386,70000.0,0
2023-07-18,20000.0,1089.3034146866803,54321.45335800515,74321.45335800515,70000.0,0
2023-07-19,20000.0,1089.3034146866803,54339.030542469125,74339.03054246912,70000.0,0
2023-07-20,20000.0,1089.3034146866803,55344.1213755135,75344.1213755135,70000.0,0
2023-07-21,20000.0,1089.3034146866803,55656.91215171714,75656.91215171714,70000.0,0
2023-07-24,20000.0,1089.3034146866803,55983.73558795265,75983.73558795266,70000.0,0
2023-07-25,20000.0,1089.3034146866803,55938.05152979734,75938.05152979735,70000.0,0
2023-07-26,20000.0,1089.3034146866803,56138.377412970825,76138.37741297082,70000.0,0
2023-07-27,20000.0,1089.3034146866803,55934.5402482673,75934.5402482673,70000.0,0
2023-07-28,20000.0,1089.3034146866803,56198.11906333456,76198.11906333457,70000.0,0
2023-07-31,20000.0,1089.3034146866803,56180.54603423334,76180.54603423334,70000.0,0
2023-08-01,30000.0,1089.3034146866803,55916.96721916609,85916.96721916608,80000.0,0
2023-08-02,30000.0,1089.3034146866803,55955.62455889856,85955.62455889856,80000.0,0
2023-08-03,30000.0,1089.3034146866803,55969.68215110697,85969.68215110697,80000.0,0
2023-08-04,30000.0,1089.3034146866803,55646.36168567599,85646.36168567599,80000.0,0
2023-08-07,30000.0,1089.3034146866803,56401.952072675325,86401.95207267533,80000.0,0
2023-08-08,30000.0,1089.3034146866803,56458.182441509016,86458.18244150901,80000.0,0
2023-08-09,30000.0,1089.3034146866803,56549.5547131824,86549.5547131824,80000.0,0
2023-08-10,30000.0,1089.3034146866803,56521.33564469661,86521.3356446966,80000.0,0
2023-08-11,30000.0,1089.3034146866803,56852.862951573545,86852.86295157354,80000.0,0
2023-08-14,30000.0,1089.3034146866803,56429.63925472816,86429.63925472816,80000.0,0
2023-08-15,30000.0,1089.3034146866803,56140.438472898524,86140.43847289853,80000.0,0
2023-08-16,30000.0,1089.3034146866803,56168.64923065878,86168.64923065878,80000.0,0
2023-08-17,30000.0,1089.3034146866803,54909.56600442857,84909.56600442858,80000.0,0
2023-08-18,30000.0,1089.3034146866803,55699.5835718733,85699.5835718733,80000.0,0
2023-08-21,30000.0,1089.3034146866803,55551.457355658786,85551.45735565879,80000.0,0
2023-08-22,30000.0,1089.3034146866803,55375.10791559574,85375.10791559574,80000.0,0
2023-08-23,30000.0,1089.3034146866803,55759.53714573766,85759.53714573766,80000.0,0
2023-08-24,30000.0,1089.3034146866803,55332.793856636716,85332.79385663671,80000.0,0
2023-08-25,30000.0,1089.3034146866803,55660.78494980707,85660.78494980707,80000.0,0
2023-08-28,30000.0,1089.3034146866803,55978.20064475974,85978.20064475974,80000.0,0
2023-08-29,30000.0,1089.3034146866803,56447.27045890798,86447.27045890798,80000.0,0
2023-08-30,30000.0,1089.3034146866803,56852.862951573545,86852.86295157354,80000.0,0
2023-08-31,30000.0,1089.3034146866803,57350.15183420757,87350.15183420757,80000.0,0
2023-09-01,40000.0,1089.3034146866803,56983.353808245476,96983.35380824548,90000.0,0
2023-09-05,40000.0,1089.3034146866803,56524.859392314924,96524.85939231492,90000.0,0
2023-09-06,40000.0,1089.3034146866803,56948.08724452308,96948.08724452308,90000.0,0
2023-09-07,40000.0,1089.3034146866803,57653.460072598726,97653.46007259873,90000.0,0
2023-09-08,40000.0,1089.3034146866803,57759.263919128694,97759.26391912869,90000.0,0
2023-09-11,40000.0,1089.3034146866803,57960.29621397094,97960.29621397094,90000.0,0
2023-09-12,40000.0,1089.3034146866803,58023.77769081637,98023.77769081638,90000.0,0
2023-09-13,40000.0,1089.3034146866803,58037.88099201513,98037.88099201513,90000.0,0
2023-09-14,40000.0,1089.3034146866803,58281.24396726744,98281.24396726744,90000.0,0
2023-09-15,40000.0,1089.3034146866803,58066.10421586367,98066.10421586367,90000.0,0
2023-09-18,40000.0,1089.3034146866803,57635.81640233064,97635.81640233065,90000.0,0
2023-09-19,40000.0,1089.3034146866803,57621.70894576912,97621.70894576912,90000.0,0
2023-09-20,40000.0,1089.3034146866803,57808.63378404985,97808.63378404986,90000.0,0
2023-09-21,40000.0,1089.3034146866803,57106.79716968078,97106.79716968078,90000.0,0
2023-09-22,40000.0,1089.3034146866803,57258.455444239116,97258.45544423911,90000.0,0
2023-09-25,40000.0,1089.3034146866803,57512.38966234635,97512.38966234635,90000.0,0
2023-09-26,40000.0,1089.3034146866803,57311.353212141345,97311.35321214134,90000.0,0
2023-09-27,40000.0,1089.3034146866803,57036.25573151046,97036.25573151046,90000.0,0
2023-09-28,40000.0,1089.3034146866803,57325.46897942837,97325.46897942838,90000.0,0
2023-09-29,40000.0,1089.3034146866803,56404.952244586195,96404.9522445862,90000.0,0
2023-10-02,50000.0,1089.3034146866803,56464.905818450556,106464.90581845056,100000.0,0
2023-10-03,50000.0,1089.3034146866803,56108.69981215718,106108.69981215718,100000.0,0
2023-10-04,50000.0,1089.3034146866803,56782.32982412874,106782.32982412874,100000.0,0
2023-10-05,50000.0,1089.3034146866803,56105.18437526438,106105.18437526439,100000.0,0
2023-10-06,0.0,2075.1647138727803,105088.5959396081,105088.5959396081,100000.0,1
2023-10-09,0.0,2075.1647138727803,104705.62172050543,104705.62172050543,100000.0,1
2023-10-10,0.0,2075.1647138727803,105888.12458074103,105888.12458074103,100000.0,1
2023-10-11,0.0,2075.1647138727803,106311.39187690674,106311.39187690674,100000.0,0
2023-10-12,0.0,2075.1647138727803,106795.15420154312,106795.15420154312,100000.0,0
2023-10-13,0.0,2075.1647138727803,107386.4095897235,107386.4095897235,100000.0,0
2023-10-16,0.0,2075.1647138727803,108313.60158130742,108313.60158130742,100000.0,0
2023-10-17,0.0,2075.1647138727803,108454.69859615449,108454.69859615449,100000.0,0
2023-10-18,0.0,2075.1647138727803,108535.32433090635,108535.32433090635,100000.0,0
2023-10-19,0.0,2075.1647138727803,108017.96597109207,108017.96597109207,100000.0,0
2023-10-20,0.0,2075.1647138727803,106667.49085109211,106667.49085109211,100000.0,0
2023-10-23,0.0,2075.1647138727803,108179.21744059582,108179.21744059582,100000.0,0
2023-10-24,0.0,2075.1647138727803,109684.23907208921,109684.23907208921,100000.0,0
2023-10-25,0.0,2075.1647138727803,109355.00742669597,109355.00742669597,100000.0,0
2023-10-26,0.0,2075.1647138727803,108689.85501014949,108689.85501014949,100000.0,0
2023-10-27,0.0,2075.1647138727803,108286.72633639013,108286.72633639013,100000.0,0
2023-10-30,0.0,2075.1647138727803,109529.71630897126,109529.71630897126,100000.0,0
2023-10-31,0.0,2075.1647138727803,109791.74005175837,109791.74005175837,100000.0,0
2023-11-01,10000.0,2075.1647138727803,110772.68253317689,120772.68253317689,110000.0,0
2023-11-02,10000.0,2075.1647138727803,111209.39932598898,121209.39932598898,110000.0,0
2023-11-03,10000.0,2075.1647138727803,110631.59343445499,120631.59343445499,110000.0,0
2023-11-06,10000.0,2075.1647138727803,110779.39540731235,120779.39540731235,110000.0,0
2023-11-07,10000.0,2075.1647138727803,111296.75376712662,121296.75376712662,110000.0,0
2023-11-08,10000.0,2075.1647138727803,110389.70831407422,120389.70831407422,110000.0,0
2023-11-09,10000.0,2075.1647138727803,110134.38161317221,120134.38161317221,110000.0,0
2023-11-10,10000.0,2075.1647138727803,111659.5576993223,121659.5576993223,110000.0,0
2023-11-13,10000.0,2075.1647138727803,112660.64671927232,122660.64671927232,110000.0,0
2023-11-14,10000.0,2075.1647138727803,112640.49226461565,122640.49226461565,110000.0,0
2023-11-15,10000.0,2075.1647138727803,114071.60103549264,124071.60103549264,110000.0,0
2023-11-16,0.0,2272.8045410355803,114824.99959411091,114824.99959411091,110000.0,1
2023-11-17,0.0,2272.8045410355803,114317.24612601244,114317.24612601244,110000.0,1
2023-11-20,0.0,2272.8045410355803,114280.45038599109,114280.45038599109,110000.0,1
2023-11-21,0.0,2272.8045410355803,114692.54706811985,114692.54706811985,110000.0,1
2023-11-22,0.0,2272.8045410355803,113816.870880053,113816.870880053,110000.0,1
2023-11-24,0.0,2272.8045410355803,114839.72135814396,114839.72135814396,110000.0,1
2023-11-27,0.0,2272.8045410355803,115362.20526033675,115362.20526033675,110000.0,1
2023-11-28,0.0,2272.8045410355803,116738.25669436301,116738.25669436301,110000.0,0
2023-11-29,0.0,2272.8045410355803,114854.443122177,114854.443122177,110000.0,1
2023-11-30,0.0,2272.8045410355803,114567.44675408404,114567.44675408404,110000.0,1
2023-12-01,0.0,2472.6212847679008,123559.04861526728,123559.04861526728,120000.0,1
2023-12-04,0.0,2472.6212847679008,123527.03538345384,123527.03538345384,120000.0,1
2023-12-05,0.0,2472.6212847679008,124671.8244028897,124671.8244028897,120000.0,1
2023-12-06,0.0,2472.6212847679008,123318.88335055491,123318.88335055491,120000.0,1
2023-12-07,0.0,2472.6212847679008,122507.29038704414,122507.29038704414,120000.0,1
2023-12-08,0.0,2472.6212847679008,121221.64880701012,121221.64880701012,120000.0,1
2023-12-11,0.0,2472.6212847679008,121526.97241154785,121526.97241154785,120000.0,1
2023-12-12,0.0,2472.6212847679008,121623.41769595929,121623.41769595929,120000.0,1
2023-12-13,0.0,2472.6212847679008,123784.9145106723,123784.9145106723,120000.0,1
2023-12-14,0.0,2472.6212847679008,122274.25594238212,122274.25594238212,120000.0,1
2023-12-15,0.0,2472.6212847679008,122732.29794299863,122732.29794299863,120000.0,1
2023-12-18,0.0,2472.6212847679008,124524.17115279908,124524.17115279908,120000.0,0
2023-12-19,0.0,2472.6212847679008,124974.15796780313,124974.15796780313,120000.0,0
2023-12-20,0.0,2472.6212847679008,123511.72675786952,123511.72675786952,120000.0,1
2023-12-21,0.0,2472.6212847679008,124387.58199254851,124387.58199254851,120000.0,0
2023-12-22,0.0,2472.6212847679008,125874.11273320793,125874.11273320793,120000.0,0
2023-12-26,0.0,2472.6212847679008,125681.278758195,125681.278758195,120000.0,0
2023-12-27,0.0,2472.6212847679008,126862.4575974117,126862.4575974117,120000.0,0
2023-12-28,0.0,2472.6212847679008,126613.37880763637,126613.37880763637,120000.0,0
2023-12-29,0.0,2472.6212847679008,126677.66937570956,126677.66937570956,120000.0,0
2024-01-02,10000.0,2472.6212847679008,127995.46567208182,137995.4656720818,130000.0,0
2024-01-03,10000.0,2472.6212847679008,128003.48312848766,138003.48312848766,130000.0,0
2024-01-04,10000.0,2472.6212847679008,126766.04060990523,136766.04060990523,130000.0,0
2024-01-05,10000.0,2472.6212847679008,125922.33065926282,135922.33065926284,130000.0,0
2024-01-08,10000.0,2472.6212847679008,127159.7826101469,137159.7826101469,130000.0,0
2024-01-09,10000.0,2472.6212847679008,128011.52888179845,138011.52888179844,130000.0,0
2024-01-10,10000.0,2472.6212847679008,129602.5506601801,139602.5506601801,130000.0,0
2024-01-11,10000.0,2472.6212847679008,129457.9063143171,139457.90631431708,130000.0,0
2024-01-12,10000.0,2472.6212847679008,129626.64075860425,139626.64075860425,130000.0,0
2024-01-16,10000.0,2472.6212847679008,130036.44596856256,140036.44596856256,130000.0,0
2024-01-17,10000.0,2472.6212847679008,129425.75159797884,139425.75159797884,130000.0,0
2024-01-18,10000.0,2472.6212847679008,131169.4257463277,141169.4257463277,130000.0,0
2024-01-19,10000.0,2472.6212847679008,130478.39646255746,140478.39646255746,130000.0,0
2024-01-22,10000.0,2472.6212847679008,130486.4327835666,140486.4327835666,130000.0,0
2024-01-23,10000.0,2472.6212847679008,130815.87478343344,140815.87478343345,130000.0,0
2024-01-24,10000.0,2472.6212847679008,128967.74732656895,138967.74732656893,130000.0,0
2024-01-25,10000.0,2472.6212847679008,130848.02006747003,140848.02006747003,130000.0,0
2024-01-26,10000.0,2472.6212847679008,131997.08191955512,141997.08191955512,130000.0,0
2024-01-29,10000.0,2472.6212847679008,132615.80317884634,142615.80317884634,130000.0,0
2024-01-30,10000.0,2472.6212847679008,133057.74424053959,143057.74424053959,130000.0,0
2024-01-31,10000.0,2472.6212847679008,132784.5564877368,142784.5564877368,130000.0,0
2024-02-01,20000.0,2472.6212847679008,135243.36888288337,155243.36888288337,140000.0,0
2024-02-02,20000.0,2472.6212847679008,136255.82271011456,156255.82271011456,140000.0,0
2024-02-05,20000.0,2472.6212847679008,135524.60238899692,155524.60238899692,140000.0,0
2024-02-06,20000.0,2472.6212847679008,136448.66611742918,156448.66611742918,140000.0,0
2024-02-07,20000.0,2472.6212847679008,136103.15147554406,156103.15147554406,140000.0,0
2024-02-08,20000.0,2472.6212847679008,136095.12458683655,156095.12458683655,140000.0,0
2024-02-09,20000.0,2472.6212847679008,136022.78826545257,156022.78826545257,140000.0,0
2024-02-12,20000.0,2472.6212847679008,136842.40811767083,156842.40811767083,140000.0,0
2024-02-13,20000.0,2472.6212847679008,135910.2986359278,155910.2986359278,140000.0,0
2024-02-14,20000.0,2472.6212847679008,135476.3938952437,155476.3938952437,140000.0,0
2024-02-15,20000.0,2472.6212847679008,136030.8340187634,156030.8340187634,140000.0,0
2024-02-16,20000.0,2472.6212847679008,136890.61661142408,156890.61661142408,140000.0,0
2024-02-20,20000.0,2472.6212847679008,141310.07438986484,161310.07438986484,140000.0,0
2024-02-21,20000.0,2472.6212847679008,139574.4459948268,159574.4459948268,140000.0,0
2024-02-22,20000.0,2472.6212847679008,140948.48710596142,160948.48710596142,140000.0,0
2024-02-23,20000.0,2472.6212847679008,141069.0036241937,161069.0036241937,140000.0,0
2024-02-26,20000.0,2472.6212847679008,143672.46979750492,163672.46979750492,140000.0,0
2024-02-27,20000.0,2472.6212847679008,143648.36083447747,163648.36083447747,140000.0,0
2024-02-28,20000.0,2472.6212847679008,143720.6877235598,163720.6877235598,140000.0,0
2024-02-29,20000.0,2472.6212847679008,141285.97485913904,161285.97485913904,140000.0,0
2024-03-01,30000.0,2472.6212847679008,141647.54327843915,171647.54327843915,150000.0,0
2024-03-04,30000.0,2472.6212847679008,142949.30466199972,172949.30466199972,150000.0,0
2024-03-05,30000.0,2472.6212847679008,144733.1509830927,174733.1509830927,150000.0,0
2024-03-06,30000.0,2472.6212847679008,146010.77510672086,176010.77510672086,150000.0,0
2024-03-07,30000.0,2472.6212847679008,145504.53404465274,175504.53404465274,150000.0,0
2024-03-08,30000.0,2472.6212847679008,144925.98495810563,174925.98495810563,150000.0,0
2024-03-11,30000.0,2472.6212847679008,146227.7274770629,176227.7274770629,150000.0,0
2024-03-12,30000.0,2472.6212847679008,148035.68276118327,178035.68276118327,150000.0,0
2024-03-13,30000.0,2472.6212847679008,147722.3039710331,177722.3039710331,150000.0,0
2024-03-14,30000.0,2472.6212847679008,147596.52422847794,177596.52422847794,150000.0,0
2024-03-15,30000.0,2472.6212847679008,146774.12184727177,176774.12184727177,150000.0,0
2024-03-18,30000.0,2472.6212847679008,147209.51689161718,177209.51689161718,150000.0,0
2024-03-19,30000.0,2472.6212847679008,147233.69188075623,177233.69188075623,150000.0,0
2024-03-20,30000.0,2472.6212847679008,148152.83194772512,178152.83194772512,150000.0,0
2024-03-21,30000.0,2472.6212847679008,148636.6335641585,178636.6335641585,150000.0,0
2024-03-22,30000.0,2472.6212847679008,147233.69188075623,177233.69188075623,150000.0,0
2024-03-25,30000.0,2472.6212847679008,146508.0554822177,176508.0554822177,150000.0,0
2024-03-26,30000.0,2472.6212847679008,146362.9206566687,176362.9206566687,150000.0,0
2024-03-27,30000.0,2472.6212847679008,146870.87839763777,176870.87839763777,150000.0,0
2024-03-28,30000.0,2472.6212847679008,145540.5182754625,175540.5182754625,150000.0,0
2024-04-01,40000.0,2472.6212847679008,145129.33594946272,185129.33594946272,160000.0,0
2024-04-02,40000.0,2472.6212847679008,143097.51441788793,183097.51441788793,160000.0,0
2024-04-03,40000.0,2472.6212847679008,143750.60698440607,183750.60698440607,160000.0,0
2024-04-04,40000.0,2472.6212847679008,143919.9262313958,183919.9262313958,160000.0,0
2024-04-05,40000.0,2472.6212847679008,144766.49416943933,184766.49416943933,160000.0,0
2024-04-08,40000.0,2472.6212847679008,144597.2032193546,184597.2032193546,160000.0,0
2024-04-09,40000.0,2472.6212847679008,144621.3782084936,184621.3782084936,160000.0,0
2024-04-10,40000.0,2472.6212847679008,146628.9964540244,186628.9964540244,160000.0,0
2024-04-11,40000.0,2472.6212847679008,145347.02403933377,185347.02403933377,160000.0,0
2024-04-12,40000.0,2472.6212847679008,145467.95557883882,185467.95557883882,160000.0,0
2024-04-15,40000.0,2472.6212847679008,144960.00727017137,184960.00727017137,160000.0,0
2024-04-16,40000.0,2472.6212847679008,144742.300315697,184742.300315697,160000.0,0
2024-04-17,40000.0,2472.6212847679008,144282.74914681586,184282.74914681586,160000.0,0
2024-04-18,40000.0,2472.6212847679008,143339.38692919968,183339.38692919968,160000.0,0
2024-04-19,40000.0,2472.6212847679008,143992.4794957178,183992.4794957178,160000.0,0
2024-04-22,40000.0,2472.6212847679008,145467.95557883882,185467.95557883882,160000.0,0
2024-04-23,40000.0,2472.6212847679008,142928.19517089822,182928.19517089822,160000.0,0
2024-04-24,40000.0,2472.6212847679008,144814.87244462234,184814.87244462234,160000.0,0
2024-04-25,40000.0,2472.6212847679008,145637.27482582853,185637.27482582853,160000.0,0
2024-04-26,40000.0,2472.6212847679008,145516.33385402182,185516.33385402182,160000.0,0
2024-04-29,40000.0,2472.6212847679008,145709.82809015055,185709.82809015055,160000.0,0
2024-04-30,40000.0,2472.6212847679008,143557.0844513724,183557.0844513724,160000.0,0
2024-05-01,50000.0,2472.6212847679008,142347.67473330544,192347.67473330544,170000.0,0
2024-05-02,50000.0,2472.6212847679008,144427.85567545993,194427.85567545993,170000.0,0
2024-05-03,50000.0,2472.6212847679008,144693.94090511728,194693.94090511728,170000.0,0
2024-05-06,50000.0,2472.6212847679008,144814.87244462234,194814.87244462234,170000.0,0
2024-05-07,50000.0,2472.6212847679008,146628.9964540244,196628.9964540244,170000.0,0
2024-05-08,50000.0,2472.6212847679008,145854.96291569958,195854.96291569958,170000.0,0
2024-05-09,50000.0,2472.6212847679008,146699.63496111069,196699.63496111069,170000.0,0
2024-05-10,50000.0,2472.6212847679008,146796.73107433625,196796.73107433625,170000.0,0
2024-05-13,50000.0,2472.6212847679008,146626.81759234236,196626.81759234236,170000.0,0
2024-05-14,50000.0,2472.6212847679008,145291.8639392616,195291.8639392616,170000.0,0
2024-05-15,50000.0,2472.6212847679008,145219.0560027949,195219.0560027949,170000.0,0
2024-05-16,50000.0,2472.6212847679008,155364.7320631136,205364.7320631136,170000.0,0
2024-05-17,50000.0,2472.6212847679008,156918.13782249935,206918.13782249935,170000.0,0
2024-05-20,50000.0,2472.6212847679008,155777.33866666313,205777.33866666313,170000.0,0
2024-05-21,50000.0,2472.6212847679008,158131.71661789736,208131.71661789736,170000.0,0
2024-05-22,50000.0,2472.6212847679008,158374.43803635793,208374.43803635793,170000.0,0
2024-05-23,50000.0,2472.6212847679008,157379.25475345505,207379.25475345505,170000.0,0
2024-05-24,50000.0,2472.6212847679008,158690.0051204918,208690.0051204918,170000.0,0
2024-05-28,50000.0,2472.6212847679008,157864.72588728118,207864.72588728118,170000.0,0
2024-05-29,50000.0,2472.6212847679008,157573.47527681114,207573.47527681114,170000.0,0
2024-05-30,50000.0,2472.6212847679008,157500.6579080428,207500.6579080428,170000.0,0
2024-05-31,50000.0,2472.6212847679008,159612.29557621313,209612.29557621313,170000.0,0
2024-06-03,60000.0,2472.6212847679008,159757.94917835313,219757.94917835313,180000.0,0
2024-06-04,60000.0,2472.6212847679008,161651.1630371234,221651.1630371234,180000.0,0
2024-06-05,60000.0,2472.6212847679008,162840.48195266747,222840.48195266747,180000.0,0
2024-06-06,60000.0,2472.6212847679008,162986.11669020413,222986.11669020413,180000.0,0
2024-06-07,60000.0,2472.6212847679008,159903.58391588982,219903.58391588982,180000.0,0
2024-06-10,60000.0,2472.6212847679008,162524.9337331369,222524.9337331369,180000.0,0
2024-06-11,60000.0,2472.6212847679008,161966.71125665397,221966.71125665397,180000.0,0
2024-06-12,60000.0,2472.6212847679008,160947.26809389718,220947.26809389718,180000.0,0
2024-06-13,60000.0,2472.6212847679008,161893.87502328234,221893.87502328234,180000.0,0
2024-06-14,60000.0,2472.6212847679008,162670.58733527685,222670.58733527685,180000.0,0
2024-06-17,60000.0,2472.6212847679008,163641.47300911922,223641.47300911922,180000.0,0
2024-06-18,60000.0,2472.6212847679008,164078.32062791934,224078.32062791934,180000.0,0
2024-06-20,60000.0,2472.6212847679008,165073.5039108222,225073.5039108222,180000.0,0
2024-06-21,60000.0,2472.6212847679008,164830.77306006,224830.77306006,180000.0,0
2024-06-24,60000.0,2472.6212847679008,167233.68963560535,227233.68963560535,180000.0,0
2024-06-25,60000.0,2472.6212847679008,163641.47300911922,223641.47300911922,180000.0,0
2024-06-26,60000.0,2472.6212847679008,165753.1201095912,225753.1201095912,180000.0,0
2024-06-27,60000.0,2472.6212847679008,164757.93682668832,224757.93682668832,180000.0,0
2024-06-28,60000.0,2472.6212847679008,164345.3302231388,224345.3302231388,180000.0,0
2024-07-01,70000.0,2472.6212847679008,163787.1077466559,233787.1077466559,190000.0,0
2024-07-02,70000.0,2472.6212847679008,165219.1197837556,235219.1197837556,190000.0,0
2024-07-03,70000.0,2472.6212847679008,165631.76411651174,235631.76411651174,190000.0,0
2024-07-05,70000.0,2472.6212847679008,170000.71191959572,240000.71191959572,190000.0,0
2024-07-08,70000.0,2472.6212847679008,169126.9034943756,239126.9034943756,190000.0,0
2024-07-09,70000.0,2472.6212847679008,169660.8660910046,239660.8660910046,190000.0,0
2024-07-10,70000.0,2472.6212847679008,170898.78022466972,240898.78022466972,190000.0,0
2024-07-11,70000.0,2472.6212847679008,169418.15410484566,239418.15410484566,190000.0,0
2024-07-12,70000.0,2472.6212847679008,168058.95943651433,238058.95943651433,190000.0,0
2024-07-15,70000.0,2472.6212847679008,168957.00887698503,238957.00887698503,190000.0,0
2024-07-16,70000.0,2472.6212847679008,169879.33706191293,239879.33706191293,190000.0,0
2024-07-17,70000.0,2472.6212847679008,172403.62849514108,242403.62849514108,190000.0,0
2024-07-18,70000.0,2472.6212847679008,171893.92577836599,241893.92577836599,190000.0,0
2024-07-19,70000.0,2472.6212847679008,171723.9934317688,241723.9934317688,190000.0,0
2024-07-22,70000.0,2472.6212847679008,170825.94399129806,240825.94399129806,190000.0,0
2024-07-23,70000.0,2472.6212847679008,171481.30031021315,241481.30031021315,190000.0,0
2024-07-24,70000.0,2472.6212847679008,171359.92545253038,241359.92545253038,190000.0,0
2024-07-25,70000.0,2472.6212847679008,169952.13556607798,239952.13556607798,190000.0,0
2024-07-26,70000.0,2472.6212847679008,169369.61548053453,239369.61548053453,190000.0,0
2024-07-29,70000.0,2472.6212847679008,168981.26875683892,238981.26875683892,190000.0,0
2024-07-30,70000.0,2472.6212847679008,167937.60344343484,237937.60344343484,190000.0,0
2024-07-31,70000.0,2472.6212847679008,166602.6309257508,236602.6309257508,190000.0,0
2024-08-01,80000.0,2472.6212847679008,169393.89422499176,249393.89422499176,200000.0,0
2024-08-02,80000.0,2472.6212847679008,166165.74557774403,246165.74557774403,200000.0,0
2024-08-05,80000.0,2472.6212847679008,164054.06074806544,244054.06074806544,200000.0,0
2024-08-06,80000.0,2472.6212847679008,164418.16645651046,244418.16645651046,200000.0,0
2024-08-07,0.0,3688.8094613421945,242283.73645481557,242283.73645481557,200000.0,1
2024-08-08,0.0,3688.8094613421945,244999.51660160968,244999.51660160968,200000.0,0
2024-08-09,0.0,3688.8094613421945,246049.57435469303,246049.57435469303,200000.0,0
2024-08-12,0.0,3688.8094613421945,248765.38264486988,248765.38264486988,200000.0,0
2024-08-13,0.0,3688.8094613421945,246701.40324213007,246701.40324213007,200000.0,0
2024-08-14,0.0,3688.8094613421945,248620.5567973352,248620.5567973352,200000.0,0
2024-08-15,0.0,3688.8094613421945,264987.65060186724,264987.65060186724,200000.0,0
2024-08-16,0.0,3688.8094613421945,266723.421875196,266723.421875196,200000.0,0
2024-08-19,0.0,3688.8094613421945,267703.88104278507,267703.88104278507,200000.0,0
2024-08-20,0.0,3688.8094613421945,270681.6197960411,270681.6197960411,200000.0,0
2024-08-21,0.0,3688.8094613421945,273223.5582677047,273223.5582677047,200000.0,0
2024-08-22,0.0,3688.8094613421945,274458.2084681219,274458.2084681219,200000.0,0
2024-08-23,0.0,3688.8094613421945,274893.98060633155,274893.98060633155,200000.0,0
2024-08-26,0.0,3688.8094613421945,276092.3258430255,276092.3258430255,200000.0,0
2024-08-27,0.0,3688.8094613421945,276455.4880537888,276455.4880537888,200000.0,0
2024-08-28,0.0,3688.8094613421945,276273.93509178987,276273.93509178987,200000.0,0
2024-08-29,0.0,3688.8094613421945,277508.5290054416,277508.5290054416,200000.0,0
2024-08-30,0.0,3688.8094613421945,280449.9627949744,280449.9627949744,200000.0,0
2024-09-03,10000.0,3688.8094613421945,280232.07672586956,290232.07672586956,210000.0,0
2024-09-04,10000.0,3688.8094613421945,280486.2677586976,290486.2677586976,210000.0,0
2024-09-05,10000.0,3688.8094613421945,279469.531770768,289469.531770768,210000.0,0
2024-09-06,10000.0,3688.8094613421945,278307.4914977973,288307.4914977973,210000.0,0
2024-09-09,10000.0,3688.8094613421945,280849.40182607813,290849.40182607813,210000.0,0
2024-09-10,10000.0,3688.8094613421945,286187.4979456161,296187.4979456161,210000.0,0
2024-09-11,10000.0,3688.8094613421945,286296.4409801685,296296.4409801685,210000.0,0
2024-09-12,10000.0,3688.8094613421945,289274.20787680725,299274.20787680725,210000.0,0
2024-09-13,10000.0,3688.8094613421945,292687.6343381248,302687.6343381248,210000.0,0
2024-09-16,10000.0,3688.8094613421945,292542.38633984915,302542.38633984915,210000.0,0
2024-09-17,10000.0,3688.8094613421945,285424.9248471318,295424.9248471318,210000.0,0
2024-09-18,10000.0,3688.8094613421945,286986.43229458906,296986.43229458906,210000.0,0
2024-09-19,10000.0,3688.8094613421945,283391.31215435895,293391.31215435895,210000.0,0
2024-09-20,10000.0,3688.8094613421945,287095.34718575876,297095.34718575876,210000.0,0
2024-09-23,10000.0,3688.8094613421945,291707.1751705357,301707.1751705357,210000.0,0
2024-09-24,10000.0,3688.8094613421945,292941.8253709529,302941.8253709529,210000.0,0
2024-09-25,10000.0,3688.8094613421945,295592.76316393435,305592.76316393435,210000.0,0
2024-09-26,10000.0,3688.8094613421945,290218.277650525,300218.277650525,210000.0,0
2024-09-27,10000.0,3688.8094613421945,289709.9518716342,299709.9518716342,210000.0,0
2024-09-30,10000.0,3688.8094613421945,293232.3776542697,303232.3776542697,210000.0,0
2024-10-01,20000.0,3688.8094613421945,295120.6579186187,315120.6579186187,220000.0,0
2024-10-02,20000.0,3688.8094613421945,292070.3092379162,312070.3092379162,220000.0,0
2024-10-03,20000.0,3688.8094613421945,292070.3092379162,312070.3092379162,220000.0,0
2024-10-04,20000.0,3688.8094613421945,293922.284538542,313922.284538542,220000.0,0
2024-10-07,20000.0,3688.8094613421945,287240.5951840344,307240.5951840344,220000.0,0
2024-10-08,20000.0,3688.8094613421945,289455.7326954234,309455.7326954234,220000.0,0
2024-10-09,20000.0,3688.8094613421945,291961.3943467465,311961.3943467465,220000.0,0
2024-10-10,20000.0,3688.8094613421945,289092.62677142565,309092.62677142565,220000.0,0
2024-10-11,20000.0,3688.8094613421945,290871.9640012222,310871.9640012222,220000.0,0
2024-10-14,20000.0,3688.8094613421945,291561.95531564276,311561.95531564276,220000.0,0
2024-10-15,20000.0,3688.8094613421945,296500.5279739288,316500.5279739288,220000.0,0
2024-10-16,20000.0,3688.8094613421945,294939.1049566198,314939.1049566198,220000.0,0
2024-10-17,20000.0,3688.8094613421945,293740.7597199258,313740.7597199258,220000.0,0
2024-10-18,20000.0,3688.8094613421945,295265.93406027707,315265.93406027707,220000.0,0
2024-10-21,20000.0,3688.8094613421945,293450.207436609,313450.207436609,220000.0,0
2024-10-22,20000.0,3688.8094613421945,297844.2056390466,317844.2056390466,220000.0,0
2024-10-23,20000.0,3688.8094613421945,302383.36740961164,322383.36740961164,220000.0,0
2024-10-24,20000.0,3688.8094613421945,301548.1843836809,321548.1843836809,220000.0,0
2024-10-25,20000.0,3688.8094613421945,299623.57101222593,319623.57101222593,220000.0,0
2024-10-28,20000.0,3688.8094613421945,300495.1152886453,320495.1152886453,220000.0,0
2024-10-29,20000.0,3688.8094613421945,296682.1653660759,316682.1653660759,220000.0,0
2024-10-30,20000.0,3688.8094613421945,295556.43005682837,315556.43005682837,220000.0,0
2024-10-31,20000.0,3688.8094613421945,297589.9864628358,317589.9864628358,220000.0,0
2024-11-01,30000.0,3688.8094613421945,298461.5307392552,328461.5307392552,230000.0,0
2024-11-04,30000.0,3688.8094613421945,299405.65679973835,329405.65679973835,230000.0,0
2024-11-05,30000.0,3688.8094613421945,303872.26492962235,333872.26492962235,230000.0,0
2024-11-06,30000.0,3688.8094613421945,303000.72065320297,333000.72065320297,230000.0,0
2024-11-07,30000.0,3688.8094613421945,304489.56188644824,334489.56188644824,230000.0,0
2024-11-08,30000.0,3688.8094613421945,308048.2926328069,338048.2926328069,230000.0,0
2024-11-11,30000.0,3688.8094613421945,305796.87830107735,335796.87830107735,230000.0,0
2024-11-12,30000.0,3688.8094613421945,308629.34091267496,338629.34091267496,230000.0,0
2024-11-13,30000.0,3688.8094613421945,310481.3443566835,340481.3443566835,230000.0,0
2024-11-14,30000.0,3688.8094613421945,306741.0043615605,336741.0043615605,230000.0,0
2024-11-15,30000.0,3688.8094613421945,305942.0981559703,335942.0981559703,230000.0,0
2024-11-18,30000.0,3688.8094613421945,305324.74491237896,335324.74491237896,230000.0,0
2024-11-19,30000.0,3688.8094613421945,314475.84724125185,344475.84724125185,230000.0,0
2024-11-20,30000.0,3688.8094613421945,316581.985431323,346581.985431323,230000.0,0
2024-11-21,30000.0,3688.8094613421945,320975.9273469951,350975.9273469951,230000.0,0
2024-11-22,30000.0,3688.8094613421945,328420.2460867524,358420.2460867524,230000.0,0
2024-11-25,30000.0,3688.8094613421945,325006.7914820521,355006.7914820521,230000.0,0
2024-11-26,30000.0,3688.8094613421945,331579.50965862453,361579.50965862453,230000.0,0
2024-11-27,30000.0,3688.8094613421945,333649.34288497246,363649.34288497246,230000.0,0
2024-11-29,30000.0,3688.8094613421945,335900.84164685017,365900.84164685017,230000.0,0
2024-12-02,40000.0,3688.8094613421945,336409.22371250635,376409.22371250635,240000.0,0
2024-12-03,40000.0,3688.8094613421945,339568.543571144,379568.543571144,240000.0,0
2024-12-04,40000.0,3688.8094613421945,342981.9981758443,382981.9981758443,240000.0,0
2024-12-05,40000.0,3688.8094613421945,346068.6799636527,386068.6799636527,240000.0,0
2024-12-06,40000.0,3688.8094613421945,347521.1599464093,387521.1599464093,240000.0,0
2024-12-09,40000.0,3688.8094613421945,340730.5838441147,380730.5838441147,240000.0,0
2024-12-10,40000.0,3688.8094613421945,343345.13224322477,383345.13224322477,240000.0,0
2024-12-11,40000.0,3688.8094613421945,344834.0016198528,384834.0016198528,240000.0,0
2024-12-12,40000.0,3688.8094613421945,341674.68176121515,381674.68176121515,240000.0,0
2024-12-13,40000.0,3688.8094613421945,343014.05348877504,383014.05348877504,240000.0,0
2024-12-16,40000.0,3688.8094613421945,345270.449199248,385270.449199248,240000.0,0
2024-12-17,40000.0,3688.8094613421945,347272.119152621,387272.119152621,240000.0,0
2024-12-18,40000.0,3688.8094613421945,340466.45819718257,380466.45819718257,240000.0,0
2024-12-19,40000.0,3688.8094613421945,339920.53285896295,379920.53285896295,240000.0,0
2024-12-20,40000.0,3688.8094613421945,335698.80030222295,375698.80030222295,240000.0,0
2024-12-23,40000.0,3688.8094613421945,328820.3324156589,368820.3324156589,240000.0,0
2024-12-24,40000.0,3688.8094613421945,337300.1024928621,377300.1024928621,240000.0,0
2024-12-26,40000.0,3688.8094613421945,337700.49839897867,377700.49839897867,240000.0,0
2024-12-27,40000.0,3688.8094613421945,333587.9621672358,373587.9621672358,240000.0,0
2024-12-30,40000.0,3688.8094613421945,329621.0116543612,369621.0116543612,240000.0,0
2024-12-31,40000.0,3688.8094613421945,328820.3324156589,368820.3324156589,240000.0,0
2025-01-02,50000.0,3688.8094613421945,327546.53476986266,377546.53476986266,250000.0,0
2025-01-03,50000.0,3688.8094613421945,330385.27335580933,380385.27335580933,250000.0,0
2025-01-06,50000.0,3688.8094613421945,332750.893534662,382750.893534662,250000.0,0
2025-01-07,50000.0,3688.8094613421945,330494.46968080633,380494.46968080633,250000.0,0
2025-01-08,50000.0,3688.8094613421945,334097.4699682012,384097.4699682012,250000.0,0
2025-01-10,50000.0,3688.8094613421945,338464.76010042685,388464.76010042685,250000.0,0
2025-01-13,50000.0,3688.8094613421945,333114.84376014175,383114.84376014175,250000.0,0
2025-01-14,50000.0,3688.8094613421945,330421.6908930635,380421.6908930635,250000.0,0
2025-01-15,50000.0,3688.8094613421945,332423.3327030537,382423.3327030537,250000.0,0
2025-01-16,50000.0,3688.8094613421945,332277.77512756805,382277.77512756805,250000.0,0
2025-01-17,50000.0,3688.8094613421945,334607.0059125493,384607.0059125493,250000.0,0
2025-01-21,50000.0,3688.8094613421945,338755.9315381637,388755.9315381637,250000.0,0
2025-01-22,50000.0,3688.8094613421945,339301.82873300056,389301.82873300056,250000.0,0
2025-01-23,50000.0,3688.8094613421945,341412.6950113705,391412.6950113705,250000.0,0
2025-01-24,50000.0,3688.8094613421945,344870.1095798969,394870.1095798969,250000.0,0
2025-01-27,50000.0,3688.8094613421945,354478.11972741067,404478.11972741067,250000.0,0
2025-01-28,50000.0,3688.8094613421945,354077.80825144215,404077.80825144215,250000.0,0
2025-01-29,50000.0,3688.8094613421945,354842.09809627297,404842.09809627297,250000.0,0
2025-01-30,50000.0,3688.8094613421945,359027.38497237617,409027.38497237617,250000.0,0
2025-01-31,50000.0,3688.8094613421945,357244.07952561445,407244.07952561445,250000.0,0
2025-02-03,60000.0,3688.8094613421945,362266.4631776739,422266.4631776739,260000.0,0
2025-02-04,60000.0,3688.8094613421945,366742.9214915139,426742.9214915139,260000.0,0
2025-02-05,60000.0,3688.8094613421945,372893.54521388403,432893.54521388403,260000.0,0
2025-02-06,60000.0,3688.8094613421945,374312.9004351659,434312.9004351659,260000.0,0
2025-02-07,60000.0,3688.8094613421945,368125.91546230717,428125.91546230717,260000.0,0
2025-02-10,60000.0,3688.8094613421945,374567.6824790313,434567.6824790313,260000.0,0
2025-02-11,60000.0,3688.8094613421945,372929.9346077554,432929.9346077554,260000.0,0
2025-02-12,60000.0,3688.8094613421945,377078.86023336975,437078.86023336975,260000.0,0
2025-02-13,60000.0,3688.8094613421945,382319.5802486578,442319.5802486578,260000.0,0
2025-02-14,60000.0,3688.8094613421945,378643.8293169029,438643.8293169029,260000.0,0
2025-02-18,60000.0,3688.8094613421945,377697.5643593322,437697.5643593322,260000.0,0
2025-02-19,60000.0,3688.8094613421945,378498.21545465174,438498.21545465174,260000.0,0
2025-02-20,60000.0,3688.8094613421945,353786.6368137053,413786.6368137053,260000.0,0
2025-02-21,0.0,4329.486423216252,404852.99325525586,404852.99325525586,260000.0,1
2025-02-24,0.0,4329.486423216252,400111.63880369574,400111.63880369574,260000.0,1
2025-02-25,0.0,4329.486423216252,417283.09041478153,417283.09041478153,260000.0,1
2025-02-26,0.0,4329.486423216252,410918.5088681158,410918.5088681158,260000.0,0
2025-02-27,0.0,4329.486423216252,413438.7355764787,413438.7355764787,260000.0,0
2025-02-28,0.0,4329.486423216252,421212.89738150884,421212.89738150884,260000.0,0
2025-03-03,10000.0,4329.486423216252,416855.89583537896,426855.89583537896,270000.0,0
2025-03-04,10000.0,4329.486423216252,405664.57377144863,415664.57377144863,270000.0,0
2025-03-05,10000.0,4329.486423216252,409978.8327376862,419978.8327376862,270000.0,0
2025-03-06,10000.0,4329.486423216252,404254.9604817243,414254.9604817243,270000.0,0
2025-03-07,10000.0,4329.486423216252,391782.25286774634,401782.25286774634,270000.0,0
2025-03-10,0.0,4444.728510254847,385108.366351677,385108.366351677,270000.0,1
2025-03-11,0.0,4444.728510254847,383442.0000873801,383442.0000873801,270000.0,1
2025-03-12,0.0,4444.728510254847,373619.0863278126,373619.0863278126,270000.0,1
2025-03-13,0.0,4444.728510254847,370549.49995735765,370549.49995735765,270000.0,1
2025-03-14,0.0,4444.728510254847,374276.883901985,374276.883901985,270000.0,0
2025-03-17,0.0,4444.728510254847,383529.6928663681,383529.6928663681,270000.0,0
2025-03-18,0.0,4444.728510254847,375329.36680277827,375329.36680277827,270000.0,0
2025-03-19,0.0,4444.728510254847,378574.44046297146,378574.44046297146,270000.0,0
2025-03-20,0.0,4444.728510254847,376294.0891034088,376294.0891034088,270000.0,0
2025-03-21,0.0,4444.728510254847,378075.00533190585,378075.00533190585,270000.0,0
2025-03-24,0.0,4444.728510254847,384714.8000744399,384714.8000744399,270000.0,0
2025-03-25,0.0,4444.728510254847,372710.3843175488,372710.3843175488,270000.0,0
2025-03-26,0.0,4444.728510254847,374689.13491287344,374689.13491287344,270000.0,0
2025-03-27,0.0,4444.728510254847,376535.97332325473,376535.97332325473,270000.0,0
2025-03-28,0.0,4444.728510254847,374425.27663239936,374425.27663239936,270000.0,0
2025-03-31,0.0,4444.728510254847,386034.0236556353,386034.0236556353,270000.0,0
2025-04-01,10000.0,4444.728510254847,390607.1715603324,400607.1715603324,280000.0,0
2025-04-02,10000.0,4444.728510254847,394696.55102533766,404696.55102533766,280000.0,0
2025-04-03,10000.0,4444.728510254847,383703.4507161495,393703.4507161495,280000.0,0
2025-04-04,10000.0,4444.728510254847,365806.69738395326,375806.69738395326,280000.0,0
2025-04-07,10000.0,4444.728510254847,368620.9370313688,378620.9370313688,280000.0,0
2025-04-08,0.0,4568.127998094475,369635.5529200309,369635.5529200309,280000.0,1
2025-04-09,0.0,4568.127998094475,404931.44455325697,404931.44455325697,280000.0,1
2025-04-10,0.0,4568.127998094475,409496.0176421732,409496.0176421732,280000.0,0
2025-04-11,0.0,4568.127998094475,419393.3378709549,419393.3378709549,280000.0,0
2025-04-14,0.0,4568.127998094475,428115.65606018755,428115.65606018755,280000.0,0
2025-04-15,0.0,4568.127998094475,424680.9516050773,424680.9516050773,280000.0,0
2025-04-16,0.0,4568.127998094475,412117.24038033764,412117.24038033764,280000.0,0
2025-04-17,0.0,4568.127998094475,421291.45025981154,421291.45025981154,280000.0,0
2025-04-21,0.0,4568.127998094475,417630.7999595807,417630.7999595807,280000.0,0
2025-04-22,0.0,4568.127998094475,428657.91911806684,428657.91911806684,280000.0,0
2025-04-23,0.0,4568.127998094475,429155.08362225397,429155.08362225397,280000.0,0
2025-04-24,0.0,4568.127998094475,433132.0511352435,433132.0511352435,280000.0,0
2025-04-25,0.0,4568.127998094475,429742.5497899777,429742.5497899777,280000.0,0
2025-04-28,0.0,4568.127998094475,430330.0856618029,430330.0856618029,280000.0,0
2025-04-29,0.0,4568.127998094475,434035.9739239289,434035.9739239289,280000.0,0
2025-04-30,0.0,4568.127998094475,439504.3303933276,439504.3303933276,280000.0,0
2025-05-01,10000.0,4568.127998094475,440227.44074263534,450227.44074263534,290000.0,0
2025-05-02,10000.0,4568.127998094475,446283.26337975764,456283.26337975764,290000.0,0
2025-05-05,10000.0,4568.127998094475,448904.5558220236,458904.5558220236,290000.0,0
2025-05-06,10000.0,4568.127998094475,445379.4799992753,455379.4799992753,290000.0,0
2025-05-07,10000.0,4568.127998094475,446644.8882585131,456644.8882585131,290000.0,0
2025-05-08,10000.0,4568.127998094475,440317.81211027334,450317.81211027334,290000.0,0
2025-05-09,10000.0,4568.127998094475,438165.94193978433,448165.94193978433,290000.0,0
2025-05-12,10000.0,4568.127998094475,438301.8649377745,448301.8649377745,290000.0,0
2025-05-13,10000.0,4568.127998094475,434360.48136861785,444360.48136861785,290000.0,0
2025-05-14,10000.0,4568.127998094475,438664.25656164676,448664.25656164676,290000.0,0
2025-05-15,10000.0,4568.127998094475,436489.6977061085,446489.6977061085,290000.0,0
2025-05-16,10000.0,4568.127998094475,445051.90557411895,455051.90557411895,290000.0,0
2025-05-19,10000.0,4568.127998094475,444508.28328625986,454508.28328625986,290000.0,0
2025-05-20,10000.0,4568.127998094475,443058.5773825677,453058.5773825677,290000.0,0
2025-05-21,10000.0,4568.127998094475,436852.1241820316,446852.1241820316,290000.0,0
2025-05-22,10000.0,4568.127998094475,434586.9848465507,444586.9848465507,290000.0,0
2025-05-23,10000.0,4568.127998094475,436444.3900401118,446444.3900401118,290000.0,0
2025-05-27,10000.0,4568.127998094475,442061.913286792,452061.913286792,290000.0,0
2025-05-28,10000.0,4568.127998094475,440521.62690315716,450521.62690315716,290000.0,0
2025-05-29,10000.0,4568.127998094475,439887.3892833045,449887.3892833045,290000.0,0
2025-05-30,10000.0,4568.127998094475,447226.42957760644,457226.42957760644,290000.0,0
2025-06-02,20000.0,4568.127998094475,451983.1768744504,471983.1768744504,300000.0,0
2025-06-03,20000.0,4568.127998094475,452934.4984521786,472934.4984521786,300000.0,0
2025-06-04,20000.0,4568.127998094475,450080.4640148924,470080.4640148924,300000.0,0
2025-06-05,20000.0,4568.127998094475,443783.4651864645,463783.4651864645,300000.0,0
2025-06-06,20000.0,4568.127998094475,441563.5986649295,461563.5986649295,300000.0,0
2025-06-09,20000.0,4568.127998094475,441472.9484808853,461472.9484808853,300000.0,0
2025-06-10,20000.0,4568.127998094475,440884.08823113097,460884.08823113097,300000.0,0
2025-06-11,20000.0,4568.127998094475,433998.08974474546,453998.08974474546,300000.0,0
2025-06-12,20000.0,4568.127998094475,429603.7340717739,449603.7340717739,300000.0,0
2025-06-13,20000.0,4568.127998094475,427836.94421020616,447836.94421020616,300000.0,0
2025-06-16,20000.0,4568.127998094475,427157.39892435685,447157.39892435685,300000.0,0
2025-06-17,20000.0,4568.127998094475,426976.1682603699,446976.1682603699,300000.0,0
2025-06-18,20000.0,4568.127998094475,430781.5591274349,450781.5591274349,300000.0,0
2025-06-20,20000.0,4568.127998094475,435447.7956484377,455447.7956484377,300000.0,0
2025-06-23,20000.0,4568.127998094475,443375.73104454466,463375.73104454466,300000.0,0
2025-06-24,20000.0,4568.127998094475,443964.6609984007,463964.6609984007,300000.0,0
2025-06-25,20000.0,4568.127998094475,440612.27708720136,460612.27708720136,300000.0,0
2025-06-26,20000.0,4568.127998094475,434994.71898847044,454994.71898847044,300000.0,0
2025-06-27,20000.0,4568.127998094475,440657.51504909655,460657.51504909655,300000.0,0
2025-06-30,20000.0,4568.127998094475,442967.9620505742,462967.9620505742,300000.0,0
2025-07-01,30000.0,4568.127998094475,445051.90557411895,475051.90557411895,310000.0,0
2025-07-02,30000.0,4568.127998094475,442197.8362847822,472197.8362847822,310000.0,0
2025-07-03,30000.0,4568.127998094475,445595.49300992733,475595.49300992733,310000.0,0
2025-07-07,30000.0,4568.127998094475,450080.4640148924,480080.4640148924,310000.0,0
2025-07-08,30000.0,4568.127998094475,439842.11646935856,469842.11646935856,310000.0,0
2025-07-09,30000.0,4568.127998094475,438573.6760817041,468573.6760817041,310000.0,0
2025-07-10,30000.0,4568.127998094475,429739.6222177133,459739.6222177133,310000.0,0
2025-07-11,0.0,4888.101540873201,457610.76599002734,457610.76599002734,310000.0,1
2025-07-14,0.0,4888.101540873201,464300.43010136945,464300.43010136945,310000.0,1
2025-07-15,0.0,4888.101540873201,462409.88582407887,462409.88582407887,310000.0,0
2025-07-16,0.0,4888.101540873201,461246.4481427235,461246.4481427235,310000.0,0
2025-07-17,0.0,4888.101540873201,460955.5607524432,460955.5607524432,310000.0,0
2025-07-18,0.0,4888.101540873201,460761.7104121001,460761.7104121001,310000.0,0
2025-07-21,0.0,4888.101540873201,463767.1738457775,463767.1738457775,310000.0,0
2025-07-22,0.0,4888.101540873201,464639.72413685283,464639.72413685283,310000.0,0
2025-07-23,0.0,4888.101540873201,463815.692370746,463815.692370746,310000.0,0
2025-07-24,0.0,4888.101540873201,468275.4808760592,468275.4808760592,310000.0,0
2025-07-25,0.0,4888.101540873201,472492.82592955034,472492.82592955034,310000.0,0
2025-07-28,0.0,4888.101540873201,473171.48858702724,473171.48858702724,310000.0,0
2025-07-29,0.0,4888.101540873201,476661.7270445833,476661.7270445833,310000.0,0
2025-07-30,0.0,4888.101540873201,473074.5634168557,473074.5634168557,310000.0,0
2025-07-31,0.0,4888.101540873201,474965.1449874014,474965.1449874014,310000.0,0
2025-08-01,10000.0,4888.101540873201,477437.389458742,487437.389458742,320000.0,0
2025-08-04,10000.0,4888.101540873201,482769.65366862004,492769.65366862004,320000.0,0
2025-08-05,10000.0,4888.101540873201,481412.36564692145,491412.36564692145,320000.0,0
2025-08-06,10000.0,4888.101540873201,501045.0268955274,511045.0268955274,320000.0,0
2025-08-07,10000.0,4888.101540873201,499881.62650742714,509881.62650742714,320000.0,0
2025-08-08,10000.0,4888.101540873201,502838.6460026464,512838.6460026464,320000.0,0
2025-08-11,10000.0,4888.101540873201,503808.1214638932,513808.1214638932,320000.0,0
2025-08-12,10000.0,4888.101540873201,502305.3897470545,512305.3897470545,320000.0,0
2025-08-13,10000.0,4888.101540873201,489556.2802433889,499556.2802433889,320000.0,0
2025-08-14,10000.0,4888.101540873201,488877.58029265684,498877.58029265684,320000.0,0
2025-08-15,10000.0,4888.101540873201,485889.3836361205,495889.3836361205,320000.0,0
2025-08-18,10000.0,4888.101540873201,489290.6030935996,499290.6030935996,320000.0,0
2025-08-19,10000.0,4888.101540873201,492157.3729113216,502157.3729113216,320000.0,0
2025-08-20,10000.0,4888.101540873201,498376.7690750441,508376.7690750441,320000.0,0
2025-08-21,10000.0,4888.101540873201,475977.2839325559,485977.2839325559,320000.0,0
2025-08-22,0.0,4991.840452756454,480471.7273357754,480471.7273357754,320000.0,1
2025-08-25,0.0,4991.840452756454,476700.61642122845,476700.61642122845,320000.0,1
2025-08-26,0.0,4991.840452756454,476601.36764025403,476601.36764025403,320000.0,0
2025-08-27,0.0,4991.840452756454,476750.2027269955,476750.2027269955,320000.0,0
2025-08-28,0.0,4991.840452756454,476899.07589845726,476899.07589845726,320000.0,0
2025-08-29,0.0,4991.840452756454,481216.0170236434,481216.0170236434,320000.0,0
2025-09-02,10000.0,4991.840452756454,485532.9581488295,495532.9581488295,330000.0,0
2025-09-03,10000.0,4991.840452756454,493422.5887960541,503422.5887960541,330000.0,0
2025-09-04,10000.0,4991.840452756454,500815.97553840646,510815.97553840646,330000.0,0
2025-09-05,10000.0,4991.840452756454,498731.9415615442,508731.9415615442,330000.0,0
2025-09-08,10000.0,4991.840452756454,507514.6969833782,517514.6969833782,330000.0,0
2025-09-09,10000.0,4991.840452756454,507564.3213738654,517564.3213738654,330000.0,0
2025-09-10,10000.0,4991.840452756454,498235.73574139224,508235.73574139224,330000.0,0
2025-09-11,10000.0,4991.840452756454,509350.64709252457,519350.64709252457,330000.0,0
2025-09-12,10000.0,4991.840452756454,513518.715046249,523518.715046249,330000.0,0
2025-09-15,10000.0,4991.840452756454,514511.16477127327,524511.1647712733,330000.0,0
2025-09-16,10000.0,4991.840452756454,513171.38239755866,523171.38239755866,330000.0,0
2025-09-17,10000.0,4991.840452756454,517389.07474177034,527389.0747417703,330000.0,0
2025-09-18,10000.0,4991.840452756454,514064.54525688814,524064.54525688814,330000.0,0
2025-09-19,10000.0,4991.840452756454,507762.8189358143,517762.8189358143,330000.0,0
2025-09-22,10000.0,4991.840452756454,510194.1855613668,520194.1855613668,330000.0,0
2025-09-23,10000.0,4991.840452756454,508705.56810091087,518705.56810091087,330000.0,0
2025-09-24,10000.0,4991.840452756454,509747.64221642236,519747.64221642236,330000.0,0
2025-09-25,10000.0,4991.840452756454,511335.47037313256,521335.47037313256,330000.0,0
2025-09-26,10000.0,4991.840452756454,511881.3005837718,521881.3005837718,330000.0,0
2025-09-29,10000.0,4991.840452756454,511484.34354459425,521484.34354459425,330000.0,0
2025-09-30,10000.0,4991.840452756454,511385.05667889956,521385.05667889956,330000.0,0
2025-10-01,20000.0,4991.840452756454,505926.8307419477,525926.8307419477,340000.0,0
2025-10-02,20000.0,4991.840452756454,504636.7489281609,524636.7489281609,340000.0,0
2025-10-03,20000.0,4991.840452756454,506472.6990373072,526472.6990373072,340000.0,0
2025-10-06,20000.0,4991.840452756454,509598.7309602404,529598.7309602404,340000.0,0
2025-10-07,20000.0,4991.840452756454,512278.2195382291,532278.219538229,340000.0,0
2025-10-08,20000.0,4991.840452756454,510591.1426005445,530591.1426005445,340000.0,0
2025-10-09,20000.0,4991.840452756454,504984.04349213094,524984.0434921309,340000.0,0
2025-10-10,20000.0,4991.840452756454,505331.37614082126,525331.3761408213,340000.0,0
2025-10-13,20000.0,4991.840452756454,506720.78290502314,526720.7829050231,340000.0,0
2025-10-14,20000.0,4991.840452756454,531977.4268339666,551977.4268339666,340000.0,0
2025-10-15,20000.0,4991.840452756454,541008.2661235165,561008.2661235165,340000.0,0
2025-10-16,20000.0,4991.840452756454,528305.5647003943,548305.5647003943,340000.0,0
2025-10-17,20000.0,4991.840452756454,534557.6666309809,554557.6666309809,340000.0,0
2025-10-20,20000.0,4991.840452756454,531183.4746708913,551183.4746708913,340000.0,0
2025-10-21,20000.0,4991.840452756454,527065.0311076541,547065.0311076541,340000.0,0
2025-10-22,20000.0,4991.840452756454,531630.0561005562,551630.0561005562,340000.0,0
2025-10-23,20000.0,4991.840452756454,530240.7255057947,550240.7255057947,340000.0,0
2025-10-24,20000.0,4991.840452756454,526816.9091552179,546816.9091552179,340000.0,0
2025-10-27,20000.0,4991.840452756454,518381.5244667946,538381.5244667947,340000.0,0
2025-10-28,20000.0,4991.840452756454,511930.8868895388,531930.8868895387,340000.0,0
2025-10-29,20000.0,4991.840452756454,508407.85984270775,528407.8598427078,340000.0,0
2025-10-30,20000.0,4991.840452756454,507266.6131156623,527266.6131156622,340000.0,0
2025-10-31,20000.0,4991.840452756454,502056.4710464264,522056.4710464264,340000.0,0
2025-11-03,30000.0,4991.840452756454,504090.8806328013,534090.8806328012,350000.0,0
2025-11-04,30000.0,4991.840452756454,507465.07259289094,537465.0725928909,350000.0,0
2025-11-05,30000.0,4991.840452756454,503495.4641163951,533495.4641163951,350000.0,0
2025-11-06,30000.0,4991.840452756454,504537.5001471864,534537.5001471865,350000.0,0
2025-11-07,30000.0,4991.840452756454,509052.862664881,539052.8626648809,350000.0,0
2025-11-10,30000.0,4991.840452756454,508209.4003654791,538209.400365479,350000.0,0
2025-11-11,30000.0,4991.840452756454,513270.6692632534,543270.6692632535,350000.0,0
2025-11-12,30000.0,4991.840452756454,513270.6692632534,543270.6692632535,350000.0,0
2025-11-13,30000.0,4991.840452756454,508804.8549666055,538804.8549666055,350000.0,0
2025-11-14,30000.0,4991.840452756454,508507.14670840255,538507.1467084025,350000.0,0
2025-11-17,30000.0,4991.840452756454,510839.2264682604,540839.2264682604,350000.0,0
2025-11-18,30000.0,4991.840452756454,503098.5070772177,533098.5070772177,350000.0,0
2025-11-19,30000.0,4991.840452756454,499228.1473816963,529228.1473816964,350000.0,0
2025-11-20,30000.0,4991.840452756454,531481.2210138147,561481.2210138147,350000.0,0
2025-11-21,30000.0,4991.840452756454,522599.2168110063,552599.2168110063,350000.0,0
2025-11-24,30000.0,4991.840452756454,516347.0387109791,546347.038710979,350000.0,0
2025-11-25,30000.0,4991.840452756454,530935.3908031755,560935.3908031755,350000.0,0
2025-11-26,30000.0,4991.840452756454,541355.6368569271,571355.6368569271,350000.0,0
2025-11-28,30000.0,4991.840452756454,548352.0665601019,578352.0665601019,350000.0,0
2025-12-01,40000.0,4991.840452756454,553413.3354578761,593413.3354578761,360000.0,0
2025-12-02,40000.0,4991.840452756454,557779.9009735496,597779.9009735496,360000.0,0
2025-12-03,40000.0,4991.840452756454,567703.9412071491,607703.9412071491,360000.0,0
2025-12-04,40000.0,4991.840452756454,569837.5614897785,609837.5614897785,360000.0,0
2025-12-05,40000.0,4991.840452756454,571177.3057787727,611177.3057787727,360000.0,0
2025-12-08,40000.0,4991.840452756454,563486.172693497,603486.172693497,360000.0,0
2025-12-09,40000.0,4991.840452756454,570929.2219110569,610929.2219110569,360000.0,0
2025-12-10,40000.0,4991.840452756454,561600.6362785836,601600.6362785836,360000.0,0
2025-12-11,40000.0,4991.840452756454,573211.7153651477,613211.7153651477,360000.0,0
2025-12-12,40000.0,4991.840452756454,580247.2961607407,620247.2961607407,360000.0,0
2025-12-15,40000.0,4991.840452756454,580694.7916236916,620694.7916236916,360000.0,0
2025-12-16,40000.0,4991.840452756454,573882.9966442942,613882.9966442942,360000.0,0
2025-12-17,40000.0,4991.840452756454,575076.3432686431,615076.3432686431,360000.0,0
2025-12-18,40000.0,4991.840452756454,570949.4448975102,610949.4448975102,360000.0,0
2025-12-19,40000.0,4991.840452756454,568612.5664629006,608612.5664629006,360000.0,0
2025-12-22,40000.0,4991.840452756454,559861.5736977562,599861.5736977562,360000.0,0
2025-12-23,0.0,5353.41319799639,591349.0446408567,591349.0446408567,360000.0,1
2025-12-24,0.0,5353.41319799639,595134.9736186329,595134.9736186329,360000.0,1
2025-12-26,0.0,5353.41319799639,595828.1661295918,595828.1661295918,360000.0,0
2025-12-29,0.0,5353.41319799639,600040.6625469421,600040.6625469421,360000.0,0
2025-12-30,0.0,5353.41319799639,596787.983711935,596787.983711935,360000.0,0
2025-12-31,0.0,5353.41319799639,594068.5550196973,594068.5550196973,360000.0,0
2026-01-02,10000.0,5353.41319799639,601267.1052006701,611267.1052006701,370000.0,0
2026-01-05,10000.0,5353.41319799639,601000.4801292855,611000.4801292855,370000.0,0
2026-01-06,10000.0,5353.41319799639,609692.0571920696,619692.0571920696,370000.0,0
2026-01-07,10000.0,5353.41319799639,601053.8214808829,611053.8214808829,370000.0,0
2026-01-08,10000.0,5353.41319799639,602920.0744506709,612920.0744506709,370000.0,0
2026-01-09,10000.0,5353.41319799639,610705.2161260104,620705.2161260104,370000.0,0
2026-01-12,10000.0,5353.41319799639,629048.2286772233,639048.2286772233,370000.0,0
2026-01-13,10000.0,5353.41319799639,641792.359789168,651792.359789168,370000.0,0
2026-01-14,10000.0,5353.41319799639,640086.0491875696,650086.0491875696,370000.0,0
2026-01-15,10000.0,5353.41319799639,635606.8868555333,645606.8868555333,370000.0,0
2026-01-16,10000.0,5353.41319799639,638273.0150394749,648273.0150394749,370000.0,0
2026-01-20,10000.0,5353.41319799639,632994.100023189,642994.100023189,370000.0,0
2026-01-21,10000.0,5353.41319799639,636460.0625779831,646460.0625779831,370000.0,0
2026-01-22,10000.0,5353.41319799639,628301.6948146669,638301.6948146669,370000.0,0
2026-01-23,10000.0,5353.41319799639,627768.485515199,637768.485515199,370000.0,0
2026-01-26,10000.0,5353.41319799639,627288.5767240274,637288.5767240274,370000.0,0
2026-01-27,10000.0,5353.41319799639,623555.9890978488,633555.9890978488,370000.0,0
2026-01-28,10000.0,5353.41319799639,621583.0125815645,631583.0125815645,370000.0,0
2026-01-29,10000.0,5353.41319799639,626062.1749136008,636062.1749136008,370000.0,0
2026-01-30,10000.0,5353.41319799639,635286.9612758526,645286.9612758526,370000.0,0
2026-02-02,20000.0,5353.41319799639,661521.7573622984,681521.7573622984,380000.0,0
2026-02-03,20000.0,5353.41319799639,680984.5707073456,700984.5707073456,380000.0,0
2026-02-04,20000.0,5353.41319799639,682530.8980974529,702530.8980974529,380000.0,0
2026-02-05,20000.0,5353.41319799639,676878.7569931902,696878.7569931902,380000.0,0
2026-02-06,20000.0,5353.41319799639,699487.5256267481,719487.5256267481,380000.0,0
2026-02-09,20000.0,5353.41319799639,687969.8780118327,707969.8780118327,380000.0,0
2026-02-10,20000.0,5353.41319799639,675598.9321445633,695598.9321445633,380000.0,0
2026-02-11,20000.0,5353.41319799639,686636.7526549099,706636.7526549099,380000.0,0
2026-02-12,20000.0,5353.41319799639,712604.9236699711,732604.9236699711,380000.0,0
2026-02-13,20000.0,5353.41319799639,713937.9673402912,733937.9673402912,380000.0,0
2026-02-17,20000.0,5353.41319799639,687063.320094484,707063.320094484,380000.0,0
2026-02-18,20000.0,5353.41319799639,675172.3647049891,695172.3647049891,380000.0,0
2026-02-19,20000.0,5353.41319799639,665840.8956395425,685840.8956395425,380000.0,0
2026-02-20,20000.0,5353.41319799639,655816.2340631367,675816.2340631367,380000.0,0
2026-02-23,20000.0,5353.41319799639,670853.2264277452,690853.2264277452,380000.0,0
2026-02-24,20000.0,5353.41319799639,675865.5980592493,695865.5980592493,380000.0,0
2026-02-25,20000.0,5353.41319799639,670533.3008480645,690533.3008480645,380000.0,0
2026-02-26,20000.0,5353.41319799639,663441.3516836838,683441.3516836838,380000.0,0
2026-02-27,20000.0,5353.41319799639,682264.2730260683,702264.2730260683,380000.0,0
2026-03-02,30000.0,5353.41319799639,677731.8918723387,707731.8918723387,390000.0,0
2026-03-03,30000.0,5353.41319799639,682051.0301495827,712051.0301495827,390000.0,0
2026-03-04,30000.0,5353.41319799639,681517.7800068135,711517.7800068135,390000.0,0
2026-03-05,30000.0,5353.41319799639,657522.5446647351,687522.5446647351,390000.0,0
2026-03-06,30000.0,5353.41319799639,660135.3723403808,690135.3723403808,390000.0,0
2026-03-09,30000.0,5353.41319799639,663014.7842441096,693014.7842441096,390000.0,0
2026-03-10,30000.0,5353.41319799639,667173.9801531639,697173.9801531639,390000.0,0
2026-03-11,30000.0,5353.41319799639,658482.3622470786,688482.3622470786,390000.0,0
2026-03-12,30000.0,5353.41319799639,668293.7809469984,698293.7809469984,390000.0,0
2026-03-13,30000.0,5353.41319799639,674639.1145622199,704639.1145622199,390000.0,0
2026-03-16,30000.0,5353.41319799639,671813.0440100885,701813.0440100885,390000.0,0
2026-03-17,30000.0,5353.41319799639,666960.6964333769,696960.6964333769,390000.0,0
2026-03-18,30000.0,5353.41319799639,650430.6363436559,680430.6363436559,390000.0,0
2026-03-19,30000.0,5353.41319799639,645684.8897835363,675684.8897835363,390000.0,0
2026-03-20,0.0,5605.574348255195,665904.6145978888,665904.6145978888,390000.0,1
2026-03-23,0.0,5605.574348255195,675415.9833835759,675415.9833835759,390000.0,0
2026-03-24,0.0,5605.574348255195,682857.2088409605,682857.2088409605,390000.0,1
2026-03-25,0.0,5605.574348255195,688507.9880543747,688507.9880543747,390000.0,0
2026-03-26,0.0,5605.574348255195,683584.5067945007,683584.5067945007,390000.0,0
2026-03-27,0.0,5605.574348255195,687556.8896662304,687556.8896662304,390000.0,0
2026-03-30,0.0,5605.574348255195,690969.7500678807,690969.7500678807,390000.0,0
2026-03-31,0.0,5605.574348255195,695333.7943919518,695333.7943919518,390000.0,0
2026-04-01,10000.0,5605.574348255195,697907.4352391907,707907.4352391907,400000.0,0
2026-04-02,10000.0,5605.574348255195,703782.1004214855,713782.1004214855,400000.0,0
2026-04-06,10000.0,5605.574348255195,709376.9829851714,719376.9829851714,400000.0,0
2026-04-07,10000.0,5605.574348255195,685318.9280873283,695318.9280873283,400000.0,0
2026-04-08,10000.0,5605.574348255195,712006.606016415,722006.606016415,400000.0,0
2026-04-09,10000.0,5605.574348255195,722469.0304231084,732469.0304231084,400000.0,0
2026-04-10,10000.0,5605.574348255195,709265.0613843002,719265.0613843002,400000.0,0
2026-04-13,10000.0,5605.574348255195,696956.2940839082,706956.2940839082,400000.0,0
2026-04-14,10000.0,5605.574348255195,699641.8992991567,709641.8992991567,400000.0,0
2026-04-15,10000.0,5605.574348255195,698019.356840062,708019.356840062,400000.0,0
2026-04-16,10000.0,5605.574348255195,698355.0361083989,708355.0361083989,400000.0,0
2026-04-17,10000.0,5605.574348255195,713349.3658569009,723349.3658569009,400000.0,0
2026-04-20,10000.0,5605.574348255195,715699.2062695358,725699.2062695358,400000.0,0
2026-04-21,10000.0,5605.574348255195,725098.6962214903,735098.6962214903,400000.0,0
2026-04-22,10000.0,5605.574348255195,727224.6506652446,737224.6506652446,400000.0,0
2026-04-23,10000.0,5605.574348255195,738694.1984112252,748694.1984112252,400000.0,0
2026-04-24,10000.0,5605.574348255195,726889.0141640459,736889.0141640459,400000.0,0
2026-04-27,10000.0,5605.574348255195,713852.8633758372,723852.8633758372,400000.0,0
2026-04-28,10000.0,5605.574348255195,713852.8633758372,723852.8633758372,400000.0,0
2026-04-29,10000.0,5605.574348255195,716202.7465556103,726202.7465556103,400000.0,0
2026-04-30,10000.0,5605.574348255195,738134.7187082842,748134.7187082842,400000.0,0
2026-05-01,20000.0,5605.574348255195,736288.4613488622,756288.4613488622,410000.0,0
2026-05-04,20000.0,5605.574348255195,729182.9579269527,749182.9579269527,410000.0,0
2026-05-05,20000.0,5605.574348255195,731756.5132399151,751756.5132399151,410000.0,0
2026-05-06,20000.0,5605.574348255195,727784.2159024621,747784.2159024621,410000.0,0
2026-05-07,20000.0,5605.574348255195,728455.574439136,748455.574439136,410000.0,0
2026-05-08,20000.0,5605.574348255195,731135.0211864724,751135.0211864724,410000.0,0
2026-05-11,20000.0,5605.574348255195,715215.210565654,735215.210565654,410000.0,0
2026-05-12,20000.0,5605.574348255195,730686.6505087754,750686.6505087754,410000.0,0
2026-05-13,20000.0,5605.574348255195,736964.8664078526,756964.8664078526,410000.0,0
2026-05-14,20000.0,5605.574348255195,742514.4158049648,762514.4158049648,410000.0,0
2026-05-15,20000.0,5605.574348255195,736852.7309712901,756852.7309712901,410000.0,0
2026-05-18,20000.0,5605.574348255195,747447.2630681214,767447.2630681214,410000.0,0
2026-05-19,20000.0,5605.574348255195,752268.0604289919,772268.0604289919,410000.0,0
2026-05-20,20000.0,5605.574348255195,733489.4376829029,753489.4376829029,410000.0,0
2026-05-21,0.0,5770.153510652142,700150.4058515977,700150.4058515977,410000.0,1
2026-05-22,0.0,5770.153510652142,693976.343356111,693976.343356111,410000.0,1
2026-05-26,0.0,5770.153510652142,684167.0999971135,684167.0999971135,410000.0,1
2026-05-27,0.0,5770.153510652142,683994.0024354382,683994.0024354382,410000.0,1
2026-05-28,0.0,5770.153510652142,686071.2612210952,686071.2612210952,410000.0,1
2026-05-29,0.0,5770.153510652142,667895.2688579855,667895.2688579855,410000.0,1
2026-06-01,0.0,5857.282809205529,671244.6009974494,671244.6009974494,420000.0,1
2026-06-02,0.0,5857.282809205529,662224.3801087703,662224.3801087703,420000.0,1
2026-06-03,0.0,5857.282809205529,684657.7839930325,684657.7839930325,420000.0,1
2026-06-04,0.0,5857.282809205529,689636.4654433528,689636.4654433528,420000.0,1
2026-06-05,0.0,5857.282809205529,696313.7642708455,696313.7642708455,420000.0,0
2026-06-08,0.0,5857.282809205529,701878.2097521035,701878.2097521035,420000.0,0
2026-06-09,0.0,5857.282809205529,696313.7642708455,696313.7642708455,420000.0,0
2026-06-10,0.0,5857.282809205529,706329.7125120844,706329.7125120844,420000.0,1
2026-06-11,0.0,5857.282809205529,705802.5785092663,705802.5785092663,420000.0,0
2026-06-12,0.0,5857.282809205529,708965.5165887398,708965.5165887398,420000.0,0
